﻿<?xml version="1.0" encoding="utf-8"?>
<abapGit version="v1.0.0" serializer="LCL_OBJECT_SUSO" serializer_version="v1.0.0">
 <asx:abap xmlns:asx="http://www.sap.com/abapxml" version="1.0">
  <asx:values>
   <TOBJ>
    <OBJCT>Z_USERST_A</OBJCT>
    <FIEL1>ESTAT</FIEL1>
    <FIEL2>STSMA</FIEL2>
    <OCLSS>AAAB</OCLSS>
   </TOBJ>
   <TOBJT>
    <LANGU>3</LANGU>
    <OBJECT>Z_USERST_A</OBJECT>
    <TTEXT>무상납품 승인 권한</TTEXT>
   </TOBJT>
   <TOBJVORFLG>
    <OBJCT>Z_USERST_A</OBJCT>
    <FLAG3>N</FLAG3>
    <FLAG4>A</FLAG4>
    <FLAG5>A</FLAG5>
   </TOBJVORFLG>
  </asx:values>
 </asx:abap>
</abapGit>
