﻿<?xml version="1.0" encoding="utf-8"?>
<abapGit version="v1.0.0" serializer="LCL_OBJECT_TABL" serializer_version="v1.0.0">
 <asx:abap xmlns:asx="http://www.sap.com/abapxml" version="1.0">
  <asx:values>
   <DD02V>
    <TABNAME>ZALSMEX_TABLINE</TABNAME>
    <DDLANGUAGE>3</DDLANGUAGE>
    <TABCLASS>INTTAB</TABCLASS>
    <DDTEXT>Excel 데이타가 있는 테이블 행</DDTEXT>
    <EXCLASS>3</EXCLASS>
   </DD02V>
   <DD03P_TABLE>
    <DD03P>
     <FIELDNAME>SHEETNO</FIELDNAME>
     <ROLLNAME>INT1</ROLLNAME>
     <ADMINFIELD>0</ADMINFIELD>
     <COMPTYPE>E</COMPTYPE>
    </DD03P>
    <DD03P>
     <FIELDNAME>SHEETNAME</FIELDNAME>
     <ROLLNAME>CHAR30</ROLLNAME>
     <ADMINFIELD>0</ADMINFIELD>
     <COMPTYPE>E</COMPTYPE>
    </DD03P>
    <DD03P>
     <FIELDNAME>ROW</FIELDNAME>
     <ROLLNAME>ZKCD_EX_ROW_N</ROLLNAME>
     <ADMINFIELD>0</ADMINFIELD>
     <COMPTYPE>E</COMPTYPE>
    </DD03P>
    <DD03P>
     <FIELDNAME>COL</FIELDNAME>
     <ROLLNAME>ZKCD_EX_COL_N</ROLLNAME>
     <ADMINFIELD>0</ADMINFIELD>
     <COMPTYPE>E</COMPTYPE>
    </DD03P>
    <DD03P>
     <FIELDNAME>VALUE</FIELDNAME>
     <ROLLNAME>CHAR200</ROLLNAME>
     <ADMINFIELD>0</ADMINFIELD>
     <COMPTYPE>E</COMPTYPE>
    </DD03P>
   </DD03P_TABLE>
   <I18N_LANGS>
    <LANGU>1</LANGU>
    <LANGU>2</LANGU>
    <LANGU>4</LANGU>
    <LANGU>5</LANGU>
    <LANGU>6</LANGU>
    <LANGU>A</LANGU>
    <LANGU>B</LANGU>
    <LANGU>C</LANGU>
    <LANGU>D</LANGU>
    <LANGU>E</LANGU>
    <LANGU>F</LANGU>
    <LANGU>G</LANGU>
    <LANGU>H</LANGU>
    <LANGU>I</LANGU>
    <LANGU>J</LANGU>
    <LANGU>K</LANGU>
    <LANGU>L</LANGU>
    <LANGU>M</LANGU>
    <LANGU>N</LANGU>
    <LANGU>O</LANGU>
    <LANGU>P</LANGU>
    <LANGU>Q</LANGU>
    <LANGU>R</LANGU>
    <LANGU>S</LANGU>
    <LANGU>T</LANGU>
    <LANGU>U</LANGU>
    <LANGU>V</LANGU>
    <LANGU>W</LANGU>
    <LANGU>c</LANGU>
    <LANGU>d</LANGU>
   </I18N_LANGS>
   <DD02_TEXTS>
    <item>
     <DDLANGUAGE>1</DDLANGUAGE>
     <DDTEXT>具有 Excel 数据的表行</DDTEXT>
    </item>
    <item>
     <DDLANGUAGE>2</DDLANGUAGE>
     <DDTEXT>แถวของตารางที่มีข้อมูล Excel</DDTEXT>
    </item>
    <item>
     <DDLANGUAGE>4</DDLANGUAGE>
     <DDTEXT>Linii pentru tabel cu date Excel</DDTEXT>
    </item>
    <item>
     <DDLANGUAGE>5</DDLANGUAGE>
     <DDTEXT>Vrstica za tabelo z Excel-podatki</DDTEXT>
    </item>
    <item>
     <DDLANGUAGE>6</DDLANGUAGE>
     <DDTEXT>Redovi za tabelu s Excel podacima</DDTEXT>
    </item>
    <item>
     <DDLANGUAGE>A</DDLANGUAGE>
     <DDTEXT>صفوف للجدول مع بيانات Excel</DDTEXT>
    </item>
    <item>
     <DDLANGUAGE>B</DDLANGUAGE>
     <DDTEXT>שורות עבור טבלה עם נתוני Excel</DDTEXT>
    </item>
    <item>
     <DDLANGUAGE>C</DDLANGUAGE>
     <DDTEXT>Řádka pro tabulku s daty Excelu</DDTEXT>
    </item>
    <item>
     <DDLANGUAGE>D</DDLANGUAGE>
     <DDTEXT>Zeile für Tabelle mit Excel-Daten</DDTEXT>
    </item>
    <item>
     <DDLANGUAGE>E</DDLANGUAGE>
     <DDTEXT>Rows for Table with Excel Data</DDTEXT>
    </item>
    <item>
     <DDLANGUAGE>F</DDLANGUAGE>
     <DDTEXT>Ligne pour table avec données Excel</DDTEXT>
    </item>
    <item>
     <DDLANGUAGE>G</DDLANGUAGE>
     <DDTEXT>Σειρές για Πίνακα με Δεδομένα Excel</DDTEXT>
    </item>
    <item>
     <DDLANGUAGE>H</DDLANGUAGE>
     <DDTEXT>Tábla (Ecxel-adatokkal) sora</DDTEXT>
    </item>
    <item>
     <DDLANGUAGE>I</DDLANGUAGE>
     <DDTEXT>Riga per tabella con dati Excel</DDTEXT>
    </item>
    <item>
     <DDLANGUAGE>J</DDLANGUAGE>
     <DDTEXT>テーブル行 (Excel データあり)</DDTEXT>
    </item>
    <item>
     <DDLANGUAGE>K</DDLANGUAGE>
     <DDTEXT>Række til tabel med Excel-data</DDTEXT>
    </item>
    <item>
     <DDLANGUAGE>L</DDLANGUAGE>
     <DDTEXT>Linia dla tabeli z danymi Excel</DDTEXT>
    </item>
    <item>
     <DDLANGUAGE>M</DDLANGUAGE>
     <DDTEXT>含 Excel 資料表格的列</DDTEXT>
    </item>
    <item>
     <DDLANGUAGE>N</DDLANGUAGE>
     <DDTEXT>Regel voor tabel met Excel-gegevens</DDTEXT>
    </item>
    <item>
     <DDLANGUAGE>O</DDLANGUAGE>
     <DDTEXT>Linje for tabell med Excel-data</DDTEXT>
    </item>
    <item>
     <DDLANGUAGE>P</DDLANGUAGE>
     <DDTEXT>Linha para tabela com dados Excel</DDTEXT>
    </item>
    <item>
     <DDLANGUAGE>Q</DDLANGUAGE>
     <DDTEXT>Riadok pre tabuľku s dátami Excelu</DDTEXT>
    </item>
    <item>
     <DDLANGUAGE>R</DDLANGUAGE>
     <DDTEXT>Строка для таблицы с Excel-данными</DDTEXT>
    </item>
    <item>
     <DDLANGUAGE>S</DDLANGUAGE>
     <DDTEXT>Línea para tabla con datos Excel</DDTEXT>
    </item>
    <item>
     <DDLANGUAGE>T</DDLANGUAGE>
     <DDTEXT>Excel verileri içeren tablo için satır</DDTEXT>
    </item>
    <item>
     <DDLANGUAGE>U</DDLANGUAGE>
     <DDTEXT>Rivi taululle, jolla Excel-tiedot</DDTEXT>
    </item>
    <item>
     <DDLANGUAGE>V</DDLANGUAGE>
     <DDTEXT>Rad för tabell med Excel-data</DDTEXT>
    </item>
    <item>
     <DDLANGUAGE>W</DDLANGUAGE>
     <DDTEXT>Редове за таблица с данни от Excel</DDTEXT>
    </item>
    <item>
     <DDLANGUAGE>c</DDLANGUAGE>
     <DDTEXT>Línia per a taula amb dades Excel</DDTEXT>
    </item>
    <item>
     <DDLANGUAGE>d</DDLANGUAGE>
     <DDTEXT>Redovi za tabelu s Excel podacima</DDTEXT>
    </item>
   </DD02_TEXTS>
  </asx:values>
 </asx:abap>
</abapGit>
