﻿<?xml version="1.0" encoding="utf-8"?>
<abapGit version="v1.0.0" serializer="LCL_OBJECT_ENHO" serializer_version="v1.0.0">
 <asx:abap xmlns:asx="http://www.sap.com/abapxml" version="1.0">
  <asx:values>
   <TOOL>BADI_IMPL</TOOL>
   <SHORTTEXT>BADI_SDOC_WRAPPER of enhancement spot</SHORTTEXT>
   <SPOT_NAME>ES_SDOC_WRAPPER</SPOT_NAME>
   <IMPL>
    <ENH_BADI_IMPL_DATA>
     <SPOT_NAME>ES_SDOC_WRAPPER</SPOT_NAME>
     <BADI_NAME>BADI_SDOC_WRAPPER</BADI_NAME>
     <IMPL_NAME>ZBADI_SDOC_WRAPPER</IMPL_NAME>
     <IMPL_CLASS>ZCL_SDOC_WRAPPER</IMPL_CLASS>
     <ACTIVE>X</ACTIVE>
     <IMPL_SHORTTEXT>구현: CL_SDOC_WRAPPER에 대한 BAdI</IMPL_SHORTTEXT>
     <IMPL_SHORTTEXT_ID>A5B3F83BFE8D1EDE9CF4F68AAB502BE3</IMPL_SHORTTEXT_ID>
     <LOCKED_IN_CUSTOMIZING>X</LOCKED_IN_CUSTOMIZING>
    </ENH_BADI_IMPL_DATA>
   </IMPL>
   <SOTR>
    <item>
     <HEADER>
      <CONCEPT>A5B3F83BFE8D1EDE9CF4F1D2CEC80BCF</CONCEPT>
      <CREA_LAN>3</CREA_LAN>
      <TRALA_TYPE>1</TRALA_TYPE>
      <OBJID_VEC>AAI=</OBJID_VEC>
     </HEADER>
     <ENTRIES>
      <SOTR_TEXT>
       <CONCEPT>A5B3F83BFE8D1EDE9CF4F1D2CEC80BCF</CONCEPT>
       <LANGU>3</LANGU>
       <LFD_NUM>0001</LFD_NUM>
       <FLAG_CNTXT>X</FLAG_CNTXT>
       <STATUS>R</STATUS>
       <LENGTH>255</LENGTH>
       <TEXT>BADI_SDOC_WRAPPER of enhancement spot</TEXT>
      </SOTR_TEXT>
     </ENTRIES>
    </item>
    <item>
     <HEADER>
      <CONCEPT>A5B3F83BFE8D1EDE9CF4F68AAB502BE3</CONCEPT>
      <CREA_LAN>3</CREA_LAN>
      <TRALA_TYPE>1</TRALA_TYPE>
      <OBJID_VEC>AAI=</OBJID_VEC>
     </HEADER>
     <ENTRIES>
      <SOTR_TEXT>
       <CONCEPT>A5B3F83BFE8D1EDE9CF4F68AAB502BE3</CONCEPT>
       <LANGU>3</LANGU>
       <LFD_NUM>0001</LFD_NUM>
       <FLAG_CNTXT>X</FLAG_CNTXT>
       <STATUS>R</STATUS>
       <LENGTH>255</LENGTH>
       <TEXT>구현: CL_SDOC_WRAPPER에 대한 BAdI</TEXT>
      </SOTR_TEXT>
     </ENTRIES>
    </item>
   </SOTR>
   <SOTR_USE>
    <SOTR_USE>
     <PGMID>R3TR</PGMID>
     <OBJECT>ENHO</OBJECT>
     <OBJ_NAME>ZBADI_SDOC_WRAPPER</OBJ_NAME>
     <CONCEPT>A5B3F83BFE8D1EDE9CF4F1D2CEC80BCF</CONCEPT>
     <LFD_NUM>0001</LFD_NUM>
    </SOTR_USE>
    <SOTR_USE>
     <PGMID>R3TR</PGMID>
     <OBJECT>ENHO</OBJECT>
     <OBJ_NAME>ZBADI_SDOC_WRAPPER</OBJ_NAME>
     <CONCEPT>A5B3F83BFE8D1EDE9CF4F68AAB502BE3</CONCEPT>
     <LFD_NUM>0001</LFD_NUM>
    </SOTR_USE>
   </SOTR_USE>
  </asx:values>
 </asx:abap>
</abapGit>
