﻿<?xml version="1.0" encoding="utf-8"?>
<abapGit version="v1.0.0" serializer="LCL_OBJECT_CLAS" serializer_version="v1.0.0">
 <asx:abap xmlns:asx="http://www.sap.com/abapxml" version="1.0">
  <asx:values>
   <VSEOCLASS>
    <CLSNAME>ZCL_SD_BP_LOG</CLSNAME>
    <LANGU>3</LANGU>
    <DESCRIPT>BP Creation Log</DESCRIPT>
    <STATE>1</STATE>
    <CLSCCINCL>X</CLSCCINCL>
    <FIXPT>X</FIXPT>
    <UNICODE>X</UNICODE>
   </VSEOCLASS>
   <DESCRIPTIONS>
    <SEOCOMPOTX>
     <CMPNAME>GET_INSTANCE</CMPNAME>
     <LANGU>3</LANGU>
     <DESCRIPT>Get Log instance</DESCRIPT>
    </SEOCOMPOTX>
    <SEOCOMPOTX>
     <CMPNAME>MO_INSTANCE</CMPNAME>
     <LANGU>3</LANGU>
     <DESCRIPT>BP Creation Log</DESCRIPT>
    </SEOCOMPOTX>
    <SEOCOMPOTX>
     <CMPNAME>SAVE_LOG_DATA</CMPNAME>
     <LANGU>3</LANGU>
     <DESCRIPT>Save BP Log Data</DESCRIPT>
    </SEOCOMPOTX>
   </DESCRIPTIONS>
   <DESCRIPTIONS_SUB>
    <SEOSUBCOTX>
     <CMPNAME>GET_INSTANCE</CMPNAME>
     <SCONAME>RO_OBJECT</SCONAME>
     <LANGU>3</LANGU>
     <DESCRIPT>BP Creation Log</DESCRIPT>
    </SEOSUBCOTX>
    <SEOSUBCOTX>
     <CMPNAME>SAVE_LOG_DATA</CMPNAME>
     <SCONAME>IT_LOG_DATA</SCONAME>
     <LANGU>3</LANGU>
     <DESCRIPT>BP Log Table Type</DESCRIPT>
    </SEOSUBCOTX>
    <SEOSUBCOTX>
     <CMPNAME>SAVE_LOG_DATA</CMPNAME>
     <SCONAME>RS_RET</SCONAME>
     <LANGU>3</LANGU>
     <DESCRIPT>Return Message</DESCRIPT>
    </SEOSUBCOTX>
   </DESCRIPTIONS_SUB>
  </asx:values>
 </asx:abap>
</abapGit>
