﻿<?xml version="1.0" encoding="utf-8"?>
<abapGit version="v1.0.0" serializer="LCL_OBJECT_SXCI" serializer_version="v1.0.0">
 <asx:abap xmlns:asx="http://www.sap.com/abapxml" version="1.0">
  <asx:values>
   <SXCI>
    <IMPLEMENTATION_DATA>
     <IMP_NAME>ZCL_DELI_TAB_OVER</IMP_NAME>
     <TEXT>[SD] 납품문서 헤더에 Tab 추가</TEXT>
     <IMP_CLASS>ZCL_IM_CL_DELI_TAB_OVER</IMP_CLASS>
     <EXIT_NAME>LE_SHP_TAB_CUST_OVER</EXIT_NAME>
     <INTER_NAME>IF_EX_LE_SHP_TAB_CUST_OVER</INTER_NAME>
     <ACTIVE>X</ACTIVE>
    </IMPLEMENTATION_DATA>
   </SXCI>
  </asx:values>
 </asx:abap>
</abapGit>
