﻿<?xml version="1.0" encoding="utf-8"?>
<abapGit version="v1.0.0" serializer="LCL_OBJECT_ENHO" serializer_version="v1.0.0">
 <asx:abap xmlns:asx="http://www.sap.com/abapxml" version="1.0">
  <asx:values>
   <TOOL>BADI_IMPL</TOOL>
   <SHORTTEXT>[SD] 납품문서 헤더에 Tab 추가</SHORTTEXT>
   <SPOT_NAME>LE_SHP_TAB_CUST_OVER</SPOT_NAME>
   <IMPL>
    <ENH_BADI_IMPL_DATA>
     <SPOT_NAME>LE_SHP_TAB_CUST_OVER</SPOT_NAME>
     <BADI_NAME>LE_SHP_TAB_CUST_OVER</BADI_NAME>
     <IMPL_NAME>ZCL_DELI_TAB_OVER</IMPL_NAME>
     <IMPL_CLASS>ZCL_IM_CL_DELI_TAB_OVER</IMPL_CLASS>
     <ACTIVE>X</ACTIVE>
     <IMPL_SHORTTEXT>[SD] 납품문서 헤더에 Tab 추가</IMPL_SHORTTEXT>
     <IMPL_SHORTTEXT_ID>A5B3F83BFE8D1EEE9FBAF647C33778DA</IMPL_SHORTTEXT_ID>
     <MIG_BADI_IMPL>ZCL_DELI_TAB_OVER</MIG_BADI_IMPL>
    </ENH_BADI_IMPL_DATA>
   </IMPL>
   <SOTR>
    <item>
     <HEADER>
      <CONCEPT>A5B3F83BFE8D1EEE9FBADD53ACD7583A</CONCEPT>
      <CREA_LAN>3</CREA_LAN>
      <TRALA_TYPE>1</TRALA_TYPE>
      <OBJID_VEC>AAI=</OBJID_VEC>
     </HEADER>
     <ENTRIES>
      <SOTR_TEXT>
       <CONCEPT>A5B3F83BFE8D1EEE9FBADD53ACD7583A</CONCEPT>
       <LANGU>3</LANGU>
       <LFD_NUM>0001</LFD_NUM>
       <FLAG_CNTXT>X</FLAG_CNTXT>
       <STATUS>R</STATUS>
       <LENGTH>255</LENGTH>
       <TEXT>[SD] 납품문서 헤더에 Tab 추가</TEXT>
      </SOTR_TEXT>
     </ENTRIES>
    </item>
    <item>
     <HEADER>
      <CONCEPT>A5B3F83BFE8D1EEE9FBAF647C33778DA</CONCEPT>
      <CREA_LAN>3</CREA_LAN>
      <TRALA_TYPE>1</TRALA_TYPE>
      <OBJID_VEC>AAI=</OBJID_VEC>
     </HEADER>
     <ENTRIES>
      <SOTR_TEXT>
       <CONCEPT>A5B3F83BFE8D1EEE9FBAF647C33778DA</CONCEPT>
       <LANGU>3</LANGU>
       <LFD_NUM>0001</LFD_NUM>
       <FLAG_CNTXT>X</FLAG_CNTXT>
       <STATUS>R</STATUS>
       <LENGTH>255</LENGTH>
       <TEXT>[SD] 납품문서 헤더에 Tab 추가</TEXT>
      </SOTR_TEXT>
     </ENTRIES>
    </item>
   </SOTR>
   <SOTR_USE>
    <SOTR_USE>
     <PGMID>R3TR</PGMID>
     <OBJECT>ENHO</OBJECT>
     <OBJ_NAME>ZCL_DELI_TAB_OVER</OBJ_NAME>
     <CONCEPT>A5B3F83BFE8D1EEE9FBADD53ACD7583A</CONCEPT>
     <LFD_NUM>0001</LFD_NUM>
    </SOTR_USE>
    <SOTR_USE>
     <PGMID>R3TR</PGMID>
     <OBJECT>ENHO</OBJECT>
     <OBJ_NAME>ZCL_DELI_TAB_OVER</OBJ_NAME>
     <CONCEPT>A5B3F83BFE8D1EEE9FBAF647C33778DA</CONCEPT>
     <LFD_NUM>0001</LFD_NUM>
    </SOTR_USE>
   </SOTR_USE>
  </asx:values>
 </asx:abap>
</abapGit>
