﻿<?xml version="1.0" encoding="utf-8"?>
<abapGit version="v1.0.0" serializer="LCL_OBJECT_SHI3" serializer_version="v1.0.0">
 <asx:abap xmlns:asx="http://www.sap.com/abapxml" version="1.0">
  <asx:values>
   <TREE_HEAD>
    <ID>ZINVSD</ID>
    <TYPE>BMENU</TYPE>
    <NODE_ID>ZINVSD_T</NODE_ID>
    <MASTERLANG>3</MASTERLANG>
    <BUFFERMODE>1</BUFFERMODE>
   </TREE_HEAD>
   <TREE_TITLES>
    <TTREET>
     <SPRAS>3</SPRAS>
     <ID>ZINVSD</ID>
     <TEXT>영업관리</TEXT>
     <TEXT_CAP>영업관리</TEXT_CAP>
    </TTREET>
   </TREE_TITLES>
   <TREE_NODES>
    <HIER_IFACE>
     <NODE_ID>ZINVSD_T</NODE_ID>
     <NODE_TYPE>NULL</NODE_TYPE>
     <NODE_LEVEL>01</NODE_LEVEL>
     <TREE_ID>ZINVSD</TREE_ID>
     <FORCE_PLUS>X</FORCE_PLUS>
     <COPY_NODE>ZSD_T</COPY_NODE>
     <COPY_TREE>ZSD</COPY_TREE>
     <COPNODFRST>ZSD_T</COPNODFRST>
     <COPTREFRST>ZSD</COPTREFRST>
    </HIER_IFACE>
    <HIER_IFACE>
     <NODE_ID>2B1F1079E8BC1EDE93BB8C34615D73BE</NODE_ID>
     <NODE_TYPE>NULL</NODE_TYPE>
     <NODE_LEVEL>02</NODE_LEVEL>
     <PARENT_ID>ZINVSD_T</PARENT_ID>
     <TREE_ID>ZINVSD</TREE_ID>
     <FORCE_PLUS>X</FORCE_PLUS>
     <COPY_NODE>2B1F1079E8BC1EEE8DFD516D1459542E</COPY_NODE>
     <COPY_TREE>ZSD</COPY_TREE>
     <COPNODFRST>2B1F1079E8BC1EEE8DFD516D1459542E</COPNODFRST>
     <COPTREFRST>ZSD</COPTREFRST>
    </HIER_IFACE>
    <HIER_IFACE>
     <NODE_ID>2B1F1079E8BC1EDE93BB8C34615D93BE</NODE_ID>
     <NODE_TYPE>NULL</NODE_TYPE>
     <NODE_LEVEL>03</NODE_LEVEL>
     <PARENT_ID>2B1F1079E8BC1EDE93BB8C34615D73BE</PARENT_ID>
     <TREE_ID>ZINVSD</TREE_ID>
     <FORCE_PLUS>X</FORCE_PLUS>
     <COPY_NODE>2B1F1079E8BC1EEE8DFD526F8CE61431</COPY_NODE>
     <COPY_TREE>ZSD</COPY_TREE>
     <COPNODFRST>2B1F1079E8BC1EEE8DFD526F8CE61431</COPNODFRST>
     <COPTREFRST>ZSD</COPTREFRST>
    </HIER_IFACE>
    <HIER_IFACE>
     <NODE_ID>2B1F1079E8BC1EDE93BB8C34615DB3BE</NODE_ID>
     <NODE_TYPE>TCOD</NODE_TYPE>
     <NODE_LEVEL>04</NODE_LEVEL>
     <PARENT_ID>2B1F1079E8BC1EDE93BB8C34615D93BE</PARENT_ID>
     <TREE_ID>ZINVSD</TREE_ID>
     <COPY_NODE>2B1F1079E8BC1EDE8EB1BDA445D38F85</COPY_NODE>
     <COPY_TREE>ZSD</COPY_TREE>
     <COPNODFRST>2B1F1079E8BC1EDE8EB1BDA445D38F85</COPNODFRST>
     <COPTREFRST>ZSD</COPTREFRST>
    </HIER_IFACE>
    <HIER_IFACE>
     <NODE_ID>2B1F1079E8BC1EDE93BB8C34615DD3BE</NODE_ID>
     <NODE_TYPE>TCOD</NODE_TYPE>
     <NODE_LEVEL>04</NODE_LEVEL>
     <PARENT_ID>2B1F1079E8BC1EDE93BB8C34615D93BE</PARENT_ID>
     <BROTHER_ID>2B1F1079E8BC1EDE93BB8C34615DB3BE</BROTHER_ID>
     <TREE_ID>ZINVSD</TREE_ID>
     <COPY_NODE>2B1F1079E8BC1EDE8EB1BDA445D3AF85</COPY_NODE>
     <COPY_TREE>ZSD</COPY_TREE>
     <COPNODFRST>2B1F1079E8BC1EDE8EB1BDA445D3AF85</COPNODFRST>
     <COPTREFRST>ZSD</COPTREFRST>
    </HIER_IFACE>
    <HIER_IFACE>
     <NODE_ID>2B1F1079E8BC1EDE93BB8C34615DF3BE</NODE_ID>
     <NODE_TYPE>TCOD</NODE_TYPE>
     <NODE_LEVEL>04</NODE_LEVEL>
     <PARENT_ID>2B1F1079E8BC1EDE93BB8C34615D93BE</PARENT_ID>
     <BROTHER_ID>2B1F1079E8BC1EDE93BB8C34615DD3BE</BROTHER_ID>
     <TREE_ID>ZINVSD</TREE_ID>
     <COPY_NODE>2B1F1079E8BC1EDE8EB1BDA445D3CF85</COPY_NODE>
     <COPY_TREE>ZSD</COPY_TREE>
     <COPNODFRST>2B1F1079E8BC1EDE8EB1BDA445D3CF85</COPNODFRST>
     <COPTREFRST>ZSD</COPTREFRST>
    </HIER_IFACE>
    <HIER_IFACE>
     <NODE_ID>A5B3F83BFE8D1EDE9B9288F10C20DEE0</NODE_ID>
     <NODE_TYPE>TCOD</NODE_TYPE>
     <NODE_LEVEL>04</NODE_LEVEL>
     <PARENT_ID>2B1F1079E8BC1EDE93BB8C34615D93BE</PARENT_ID>
     <BROTHER_ID>2B1F1079E8BC1EDE93BB8C34615DF3BE</BROTHER_ID>
     <TREE_ID>ZINVSD</TREE_ID>
    </HIER_IFACE>
    <HIER_IFACE>
     <NODE_ID>2B1F1079E8BC1EDE93BB8C34615E13BE</NODE_ID>
     <NODE_TYPE>TCOD</NODE_TYPE>
     <NODE_LEVEL>04</NODE_LEVEL>
     <PARENT_ID>2B1F1079E8BC1EDE93BB8C34615D93BE</PARENT_ID>
     <BROTHER_ID>A5B3F83BFE8D1EDE9B9288F10C20DEE0</BROTHER_ID>
     <TREE_ID>ZINVSD</TREE_ID>
     <COPY_NODE>2B1F1079E8BC1EDE8EB1BDA445D3EF85</COPY_NODE>
     <COPY_TREE>ZSD</COPY_TREE>
     <COPNODFRST>2B1F1079E8BC1EDE8EB1BDA445D3EF85</COPNODFRST>
     <COPTREFRST>ZSD</COPTREFRST>
    </HIER_IFACE>
    <HIER_IFACE>
     <NODE_ID>2B1F1079E8BC1EDE93BB8C34615E33BE</NODE_ID>
     <NODE_TYPE>TCOD</NODE_TYPE>
     <NODE_LEVEL>04</NODE_LEVEL>
     <PARENT_ID>2B1F1079E8BC1EDE93BB8C34615D93BE</PARENT_ID>
     <BROTHER_ID>2B1F1079E8BC1EDE93BB8C34615E13BE</BROTHER_ID>
     <TREE_ID>ZINVSD</TREE_ID>
     <COPY_NODE>2B1F1079E8BC1EEE91BFE956571C5EED</COPY_NODE>
     <COPY_TREE>ZSD</COPY_TREE>
     <COPNODFRST>2B1F1079E8BC1EEE91BFE956571C5EED</COPNODFRST>
     <COPTREFRST>ZSD</COPTREFRST>
    </HIER_IFACE>
    <HIER_IFACE>
     <NODE_ID>2B1F1079E8BC1EDE93BB8C34615E53BE</NODE_ID>
     <NODE_TYPE>NULL</NODE_TYPE>
     <NODE_LEVEL>03</NODE_LEVEL>
     <PARENT_ID>2B1F1079E8BC1EDE93BB8C34615D73BE</PARENT_ID>
     <BROTHER_ID>2B1F1079E8BC1EDE93BB8C34615D93BE</BROTHER_ID>
     <TREE_ID>ZINVSD</TREE_ID>
     <FORCE_PLUS>X</FORCE_PLUS>
     <COPY_NODE>2B1F1079E8BC1EDE8EB1BA057BD90F6B</COPY_NODE>
     <COPY_TREE>ZSD</COPY_TREE>
     <COPNODFRST>2B1F1079E8BC1EDE8EB1BA057BD90F6B</COPNODFRST>
     <COPTREFRST>ZSD</COPTREFRST>
    </HIER_IFACE>
    <HIER_IFACE>
     <NODE_ID>2B1F1079E8BC1EDE93BB8C34615E73BE</NODE_ID>
     <NODE_TYPE>TCOD</NODE_TYPE>
     <NODE_LEVEL>04</NODE_LEVEL>
     <PARENT_ID>2B1F1079E8BC1EDE93BB8C34615E53BE</PARENT_ID>
     <TREE_ID>ZINVSD</TREE_ID>
     <COPY_NODE>2B1F1079E8BC1EDE8EB1C1F12F2E4FA1</COPY_NODE>
     <COPY_TREE>ZSD</COPY_TREE>
     <COPNODFRST>2B1F1079E8BC1EDE8EB1C1F12F2E4FA1</COPNODFRST>
     <COPTREFRST>ZSD</COPTREFRST>
    </HIER_IFACE>
    <HIER_IFACE>
     <NODE_ID>2B1F1079E8BC1EDE93BB8C34615E93BE</NODE_ID>
     <NODE_TYPE>TCOD</NODE_TYPE>
     <NODE_LEVEL>04</NODE_LEVEL>
     <PARENT_ID>2B1F1079E8BC1EDE93BB8C34615E53BE</PARENT_ID>
     <BROTHER_ID>2B1F1079E8BC1EDE93BB8C34615E73BE</BROTHER_ID>
     <TREE_ID>ZINVSD</TREE_ID>
     <COPY_NODE>2B1F1079E8BC1EDE8EB1C1F12F2E6FA1</COPY_NODE>
     <COPY_TREE>ZSD</COPY_TREE>
     <COPNODFRST>2B1F1079E8BC1EDE8EB1C1F12F2E6FA1</COPNODFRST>
     <COPTREFRST>ZSD</COPTREFRST>
    </HIER_IFACE>
    <HIER_IFACE>
     <NODE_ID>2B1F1079E8BC1EDE93BB8C34615EB3BE</NODE_ID>
     <NODE_TYPE>TCOD</NODE_TYPE>
     <NODE_LEVEL>04</NODE_LEVEL>
     <PARENT_ID>2B1F1079E8BC1EDE93BB8C34615E53BE</PARENT_ID>
     <BROTHER_ID>2B1F1079E8BC1EDE93BB8C34615E93BE</BROTHER_ID>
     <TREE_ID>ZINVSD</TREE_ID>
     <COPY_NODE>2B1F1079E8BC1EDE8EB1C1F12F2E8FA1</COPY_NODE>
     <COPY_TREE>ZSD</COPY_TREE>
     <COPNODFRST>2B1F1079E8BC1EDE8EB1C1F12F2E8FA1</COPNODFRST>
     <COPTREFRST>ZSD</COPTREFRST>
    </HIER_IFACE>
    <HIER_IFACE>
     <NODE_ID>2B1F1079E8BC1EDE93BB8C34615ED3BE</NODE_ID>
     <NODE_TYPE>TCOD</NODE_TYPE>
     <NODE_LEVEL>04</NODE_LEVEL>
     <PARENT_ID>2B1F1079E8BC1EDE93BB8C34615E53BE</PARENT_ID>
     <BROTHER_ID>2B1F1079E8BC1EDE93BB8C34615EB3BE</BROTHER_ID>
     <TREE_ID>ZINVSD</TREE_ID>
     <COPY_NODE>2B1F1079E8BC1EDE8EB1C1F12F2EAFA1</COPY_NODE>
     <COPY_TREE>ZSD</COPY_TREE>
     <COPNODFRST>2B1F1079E8BC1EDE8EB1C1F12F2EAFA1</COPNODFRST>
     <COPTREFRST>ZSD</COPTREFRST>
    </HIER_IFACE>
    <HIER_IFACE>
     <NODE_ID>2B1F1079E8BC1EDE93BB8C34615EF3BE</NODE_ID>
     <NODE_TYPE>TCOD</NODE_TYPE>
     <NODE_LEVEL>04</NODE_LEVEL>
     <PARENT_ID>2B1F1079E8BC1EDE93BB8C34615E53BE</PARENT_ID>
     <BROTHER_ID>2B1F1079E8BC1EDE93BB8C34615ED3BE</BROTHER_ID>
     <TREE_ID>ZINVSD</TREE_ID>
     <COPY_NODE>2B1F1079E8BC1EDE8EB1C1F12F2ECFA1</COPY_NODE>
     <COPY_TREE>ZSD</COPY_TREE>
     <COPNODFRST>2B1F1079E8BC1EDE8EB1C1F12F2ECFA1</COPNODFRST>
     <COPTREFRST>ZSD</COPTREFRST>
    </HIER_IFACE>
    <HIER_IFACE>
     <NODE_ID>A5B3F83BFE8D1EEE96A0A6C6E86FEA44</NODE_ID>
     <NODE_TYPE>TCOD</NODE_TYPE>
     <NODE_LEVEL>04</NODE_LEVEL>
     <PARENT_ID>2B1F1079E8BC1EDE93BB8C34615E53BE</PARENT_ID>
     <BROTHER_ID>2B1F1079E8BC1EDE93BB8C34615EF3BE</BROTHER_ID>
     <TREE_ID>ZINVSD</TREE_ID>
    </HIER_IFACE>
    <HIER_IFACE>
     <NODE_ID>2B1F1079E8BC1EDE93BB8C34615F13BE</NODE_ID>
     <NODE_TYPE>NULL</NODE_TYPE>
     <NODE_LEVEL>03</NODE_LEVEL>
     <PARENT_ID>2B1F1079E8BC1EDE93BB8C34615D73BE</PARENT_ID>
     <BROTHER_ID>2B1F1079E8BC1EDE93BB8C34615E53BE</BROTHER_ID>
     <TREE_ID>ZINVSD</TREE_ID>
     <FORCE_PLUS>X</FORCE_PLUS>
     <COPY_NODE>2B1F1079E8BC1EEE8DFD526F8CE63431</COPY_NODE>
     <COPY_TREE>ZSD</COPY_TREE>
     <COPNODFRST>2B1F1079E8BC1EEE8DFD526F8CE63431</COPNODFRST>
     <COPTREFRST>ZSD</COPTREFRST>
    </HIER_IFACE>
    <HIER_IFACE>
     <NODE_ID>2B1F1079E8BC1EDE93BB8C34615F33BE</NODE_ID>
     <NODE_TYPE>TCOD</NODE_TYPE>
     <NODE_LEVEL>04</NODE_LEVEL>
     <PARENT_ID>2B1F1079E8BC1EDE93BB8C34615F13BE</PARENT_ID>
     <TREE_ID>ZINVSD</TREE_ID>
     <COPY_NODE>2B1F1079E8BC1EDE8EB1C49C59550FAC</COPY_NODE>
     <COPY_TREE>ZSD</COPY_TREE>
     <COPNODFRST>2B1F1079E8BC1EDE8EB1C49C59550FAC</COPNODFRST>
     <COPTREFRST>ZSD</COPTREFRST>
    </HIER_IFACE>
    <HIER_IFACE>
     <NODE_ID>2B1F1079E8BC1EDE93BB8C34615F53BE</NODE_ID>
     <NODE_TYPE>TCOD</NODE_TYPE>
     <NODE_LEVEL>04</NODE_LEVEL>
     <PARENT_ID>2B1F1079E8BC1EDE93BB8C34615F13BE</PARENT_ID>
     <BROTHER_ID>2B1F1079E8BC1EDE93BB8C34615F33BE</BROTHER_ID>
     <TREE_ID>ZINVSD</TREE_ID>
     <COPY_NODE>2B1F1079E8BC1EDE8EB1C49C59552FAC</COPY_NODE>
     <COPY_TREE>ZSD</COPY_TREE>
     <COPNODFRST>2B1F1079E8BC1EDE8EB1C49C59552FAC</COPNODFRST>
     <COPTREFRST>ZSD</COPTREFRST>
    </HIER_IFACE>
    <HIER_IFACE>
     <NODE_ID>2B1F1079E8BC1EDE93BB8C34615F73BE</NODE_ID>
     <NODE_TYPE>TCOD</NODE_TYPE>
     <NODE_LEVEL>04</NODE_LEVEL>
     <PARENT_ID>2B1F1079E8BC1EDE93BB8C34615F13BE</PARENT_ID>
     <BROTHER_ID>2B1F1079E8BC1EDE93BB8C34615F53BE</BROTHER_ID>
     <TREE_ID>ZINVSD</TREE_ID>
     <COPY_NODE>2B1F1079E8BC1EDE8EB1C49C59554FAC</COPY_NODE>
     <COPY_TREE>ZSD</COPY_TREE>
     <COPNODFRST>2B1F1079E8BC1EDE8EB1C49C59554FAC</COPNODFRST>
     <COPTREFRST>ZSD</COPTREFRST>
    </HIER_IFACE>
    <HIER_IFACE>
     <NODE_ID>A5B3F83BFE8D1EDE969C7627D394D116</NODE_ID>
     <NODE_TYPE>TCOD</NODE_TYPE>
     <NODE_LEVEL>04</NODE_LEVEL>
     <PARENT_ID>2B1F1079E8BC1EDE93BB8C34615F13BE</PARENT_ID>
     <BROTHER_ID>2B1F1079E8BC1EDE93BB8C34615F73BE</BROTHER_ID>
     <TREE_ID>ZINVSD</TREE_ID>
    </HIER_IFACE>
    <HIER_IFACE>
     <NODE_ID>A5B3F83BFE8D1EDE969C7627D394F116</NODE_ID>
     <NODE_TYPE>TCOD</NODE_TYPE>
     <NODE_LEVEL>04</NODE_LEVEL>
     <PARENT_ID>2B1F1079E8BC1EDE93BB8C34615F13BE</PARENT_ID>
     <BROTHER_ID>A5B3F83BFE8D1EDE969C7627D394D116</BROTHER_ID>
     <TREE_ID>ZINVSD</TREE_ID>
    </HIER_IFACE>
    <HIER_IFACE>
     <NODE_ID>2B1F1079E8BC1EDE93BB8C34615F93BE</NODE_ID>
     <NODE_TYPE>NULL</NODE_TYPE>
     <NODE_LEVEL>03</NODE_LEVEL>
     <PARENT_ID>2B1F1079E8BC1EDE93BB8C34615D73BE</PARENT_ID>
     <BROTHER_ID>2B1F1079E8BC1EDE93BB8C34615F13BE</BROTHER_ID>
     <TREE_ID>ZINVSD</TREE_ID>
     <FORCE_PLUS>X</FORCE_PLUS>
     <COPY_NODE>2B1F1079E8BC1EEE938F0F70CC1D019B</COPY_NODE>
     <COPY_TREE>ZSD</COPY_TREE>
     <COPNODFRST>2B1F1079E8BC1EEE938F0F70CC1D019B</COPNODFRST>
     <COPTREFRST>ZSD</COPTREFRST>
    </HIER_IFACE>
    <HIER_IFACE>
     <NODE_ID>2B1F1079E8BC1EDE93BB8C34615FB3BE</NODE_ID>
     <NODE_TYPE>TCOD</NODE_TYPE>
     <NODE_LEVEL>04</NODE_LEVEL>
     <PARENT_ID>2B1F1079E8BC1EDE93BB8C34615F93BE</PARENT_ID>
     <TREE_ID>ZINVSD</TREE_ID>
     <COPY_NODE>2B1F1079E8BC1EEE938F11F6069C01A0</COPY_NODE>
     <COPY_TREE>ZSD</COPY_TREE>
     <COPNODFRST>2B1F1079E8BC1EEE938F11F6069C01A0</COPNODFRST>
     <COPTREFRST>ZSD</COPTREFRST>
    </HIER_IFACE>
    <HIER_IFACE>
     <NODE_ID>2B1F1079E8BC1EDE93BB8C34615FD3BE</NODE_ID>
     <NODE_TYPE>TCOD</NODE_TYPE>
     <NODE_LEVEL>04</NODE_LEVEL>
     <PARENT_ID>2B1F1079E8BC1EDE93BB8C34615F93BE</PARENT_ID>
     <BROTHER_ID>2B1F1079E8BC1EDE93BB8C34615FB3BE</BROTHER_ID>
     <TREE_ID>ZINVSD</TREE_ID>
     <COPY_NODE>2B1F1079E8BC1EEE938F11F6069C21A0</COPY_NODE>
     <COPY_TREE>ZSD</COPY_TREE>
     <COPNODFRST>2B1F1079E8BC1EEE938F11F6069C21A0</COPNODFRST>
     <COPTREFRST>ZSD</COPTREFRST>
    </HIER_IFACE>
    <HIER_IFACE>
     <NODE_ID>2B1F1079E8BC1EDE93BB8C34615FF3BE</NODE_ID>
     <NODE_TYPE>TCOD</NODE_TYPE>
     <NODE_LEVEL>04</NODE_LEVEL>
     <PARENT_ID>2B1F1079E8BC1EDE93BB8C34615F93BE</PARENT_ID>
     <BROTHER_ID>2B1F1079E8BC1EDE93BB8C34615FD3BE</BROTHER_ID>
     <TREE_ID>ZINVSD</TREE_ID>
     <COPY_NODE>2B1F1079E8BC1EEE938F11F6069C41A0</COPY_NODE>
     <COPY_TREE>ZSD</COPY_TREE>
     <COPNODFRST>2B1F1079E8BC1EEE938F11F6069C41A0</COPNODFRST>
     <COPTREFRST>ZSD</COPTREFRST>
    </HIER_IFACE>
    <HIER_IFACE>
     <NODE_ID>2B1F1079E8BC1EDE93BB8C34616013BE</NODE_ID>
     <NODE_TYPE>NULL</NODE_TYPE>
     <NODE_LEVEL>03</NODE_LEVEL>
     <PARENT_ID>2B1F1079E8BC1EDE93BB8C34615D73BE</PARENT_ID>
     <BROTHER_ID>2B1F1079E8BC1EDE93BB8C34615F93BE</BROTHER_ID>
     <TREE_ID>ZINVSD</TREE_ID>
     <FORCE_PLUS>X</FORCE_PLUS>
     <COPY_NODE>2B1F1079E8BC1EEE8DFD526F8CE65431</COPY_NODE>
     <COPY_TREE>ZSD</COPY_TREE>
     <COPNODFRST>2B1F1079E8BC1EEE8DFD526F8CE65431</COPNODFRST>
     <COPTREFRST>ZSD</COPTREFRST>
    </HIER_IFACE>
    <HIER_IFACE>
     <NODE_ID>2B1F1079E8BC1EDE94A03E558943453B</NODE_ID>
     <NODE_TYPE>TCOD</NODE_TYPE>
     <NODE_LEVEL>04</NODE_LEVEL>
     <PARENT_ID>2B1F1079E8BC1EDE93BB8C34616013BE</PARENT_ID>
     <TREE_ID>ZINVSD</TREE_ID>
    </HIER_IFACE>
    <HIER_IFACE>
     <NODE_ID>2B1F1079E8BC1EDE93BB8C34616033BE</NODE_ID>
     <NODE_TYPE>TCOD</NODE_TYPE>
     <NODE_LEVEL>04</NODE_LEVEL>
     <PARENT_ID>2B1F1079E8BC1EDE93BB8C34616013BE</PARENT_ID>
     <BROTHER_ID>2B1F1079E8BC1EDE94A03E558943453B</BROTHER_ID>
     <TREE_ID>ZINVSD</TREE_ID>
     <COPY_NODE>2B1F1079E8BC1EDE8EB1C747670AAFBD</COPY_NODE>
     <COPY_TREE>ZSD</COPY_TREE>
     <COPNODFRST>2B1F1079E8BC1EDE8EB1C747670AAFBD</COPNODFRST>
     <COPTREFRST>ZSD</COPTREFRST>
    </HIER_IFACE>
    <HIER_IFACE>
     <NODE_ID>2B1F1079E8BC1EDE93BB8C34616053BE</NODE_ID>
     <NODE_TYPE>TCOD</NODE_TYPE>
     <NODE_LEVEL>04</NODE_LEVEL>
     <PARENT_ID>2B1F1079E8BC1EDE93BB8C34616013BE</PARENT_ID>
     <BROTHER_ID>2B1F1079E8BC1EDE93BB8C34616033BE</BROTHER_ID>
     <TREE_ID>ZINVSD</TREE_ID>
     <COPY_NODE>2B1F1079E8BC1EDE8EB1C747670ACFBD</COPY_NODE>
     <COPY_TREE>ZSD</COPY_TREE>
     <COPNODFRST>2B1F1079E8BC1EDE8EB1C747670ACFBD</COPNODFRST>
     <COPTREFRST>ZSD</COPTREFRST>
    </HIER_IFACE>
    <HIER_IFACE>
     <NODE_ID>2B1F1079E8BC1EDE93BB8C34616073BE</NODE_ID>
     <NODE_TYPE>TCOD</NODE_TYPE>
     <NODE_LEVEL>04</NODE_LEVEL>
     <PARENT_ID>2B1F1079E8BC1EDE93BB8C34616013BE</PARENT_ID>
     <BROTHER_ID>2B1F1079E8BC1EDE93BB8C34616053BE</BROTHER_ID>
     <TREE_ID>ZINVSD</TREE_ID>
     <COPY_NODE>2B1F1079E8BC1EDE8EB1C747670AEFBD</COPY_NODE>
     <COPY_TREE>ZSD</COPY_TREE>
     <COPNODFRST>2B1F1079E8BC1EDE8EB1C747670AEFBD</COPNODFRST>
     <COPTREFRST>ZSD</COPTREFRST>
    </HIER_IFACE>
    <HIER_IFACE>
     <NODE_ID>2B1F1079E8BC1EDE94A12A375E1FCC10</NODE_ID>
     <NODE_TYPE>TCOD</NODE_TYPE>
     <NODE_LEVEL>04</NODE_LEVEL>
     <PARENT_ID>2B1F1079E8BC1EDE93BB8C34616013BE</PARENT_ID>
     <BROTHER_ID>2B1F1079E8BC1EDE93BB8C34616073BE</BROTHER_ID>
     <TREE_ID>ZINVSD</TREE_ID>
    </HIER_IFACE>
    <HIER_IFACE>
     <NODE_ID>2B1F1079E8BC1EDE93BB8C346160B3BE</NODE_ID>
     <NODE_TYPE>NULL</NODE_TYPE>
     <NODE_LEVEL>02</NODE_LEVEL>
     <PARENT_ID>ZINVSD_T</PARENT_ID>
     <BROTHER_ID>2B1F1079E8BC1EDE93BB8C34615D73BE</BROTHER_ID>
     <TREE_ID>ZINVSD</TREE_ID>
     <COPY_NODE>2B1F1079E8BC1EDE8EB1B68037DE6F5C</COPY_NODE>
     <COPY_TREE>ZSD</COPY_TREE>
     <COPNODFRST>2B1F1079E8BC1EDE8EB1B68037DE6F5C</COPNODFRST>
     <COPTREFRST>ZSD</COPTREFRST>
    </HIER_IFACE>
    <HIER_IFACE>
     <NODE_ID>2B1F1079E8BC1EDE93BB8C346160D3BE</NODE_ID>
     <NODE_TYPE>NULL</NODE_TYPE>
     <NODE_LEVEL>02</NODE_LEVEL>
     <PARENT_ID>ZINVSD_T</PARENT_ID>
     <BROTHER_ID>2B1F1079E8BC1EDE93BB8C346160B3BE</BROTHER_ID>
     <TREE_ID>ZINVSD</TREE_ID>
     <FORCE_PLUS>X</FORCE_PLUS>
     <COPY_NODE>2B1F1079E8BC1EDE8EB1B68037DE8F5C</COPY_NODE>
     <COPY_TREE>ZSD</COPY_TREE>
     <COPNODFRST>2B1F1079E8BC1EDE8EB1B68037DE8F5C</COPNODFRST>
     <COPTREFRST>ZSD</COPTREFRST>
    </HIER_IFACE>
    <HIER_IFACE>
     <NODE_ID>2B1F1079E8BC1EDE93BB8C346160F3BE</NODE_ID>
     <NODE_TYPE>NULL</NODE_TYPE>
     <NODE_LEVEL>03</NODE_LEVEL>
     <PARENT_ID>2B1F1079E8BC1EDE93BB8C346160D3BE</PARENT_ID>
     <TREE_ID>ZINVSD</TREE_ID>
     <FORCE_PLUS>X</FORCE_PLUS>
     <COPY_NODE>2B1F1079E8BC1EDE8EB1CBE5A1378FEE</COPY_NODE>
     <COPY_TREE>ZSD</COPY_TREE>
     <COPNODFRST>2B1F1079E8BC1EDE8EB1CBE5A1378FEE</COPNODFRST>
     <COPTREFRST>ZSD</COPTREFRST>
    </HIER_IFACE>
    <HIER_IFACE>
     <NODE_ID>2B1F1079E8BC1EDE93BB8C34616113BE</NODE_ID>
     <NODE_TYPE>TCOD</NODE_TYPE>
     <NODE_LEVEL>04</NODE_LEVEL>
     <PARENT_ID>2B1F1079E8BC1EDE93BB8C346160F3BE</PARENT_ID>
     <TREE_ID>ZINVSD</TREE_ID>
     <COPY_NODE>2B1F1079E8BC1EDE8EB1CD0BAEB64FF0</COPY_NODE>
     <COPY_TREE>ZSD</COPY_TREE>
     <COPNODFRST>2B1F1079E8BC1EDE8EB1CD0BAEB64FF0</COPNODFRST>
     <COPTREFRST>ZSD</COPTREFRST>
    </HIER_IFACE>
    <HIER_IFACE>
     <NODE_ID>2B1F1079E8BC1EDE93BB8C34616133BE</NODE_ID>
     <NODE_TYPE>TCOD</NODE_TYPE>
     <NODE_LEVEL>04</NODE_LEVEL>
     <PARENT_ID>2B1F1079E8BC1EDE93BB8C346160F3BE</PARENT_ID>
     <BROTHER_ID>2B1F1079E8BC1EDE93BB8C34616113BE</BROTHER_ID>
     <TREE_ID>ZINVSD</TREE_ID>
     <COPY_NODE>2B1F1079E8BC1EDE8EB1CD0BAEB66FF0</COPY_NODE>
     <COPY_TREE>ZSD</COPY_TREE>
     <COPNODFRST>2B1F1079E8BC1EDE8EB1CD0BAEB66FF0</COPNODFRST>
     <COPTREFRST>ZSD</COPTREFRST>
    </HIER_IFACE>
    <HIER_IFACE>
     <NODE_ID>2B1F1079E8BC1EDE93BB8C34616153BE</NODE_ID>
     <NODE_TYPE>TCOD</NODE_TYPE>
     <NODE_LEVEL>04</NODE_LEVEL>
     <PARENT_ID>2B1F1079E8BC1EDE93BB8C346160F3BE</PARENT_ID>
     <BROTHER_ID>2B1F1079E8BC1EDE93BB8C34616133BE</BROTHER_ID>
     <TREE_ID>ZINVSD</TREE_ID>
     <COPY_NODE>2B1F1079E8BC1EDE8EB1CD0BAEB68FF0</COPY_NODE>
     <COPY_TREE>ZSD</COPY_TREE>
     <COPNODFRST>2B1F1079E8BC1EDE8EB1CD0BAEB68FF0</COPNODFRST>
     <COPTREFRST>ZSD</COPTREFRST>
    </HIER_IFACE>
    <HIER_IFACE>
     <NODE_ID>2B1F1079E8BC1EDE93BB8C34616173BE</NODE_ID>
     <NODE_TYPE>TCOD</NODE_TYPE>
     <NODE_LEVEL>04</NODE_LEVEL>
     <PARENT_ID>2B1F1079E8BC1EDE93BB8C346160F3BE</PARENT_ID>
     <BROTHER_ID>2B1F1079E8BC1EDE93BB8C34616153BE</BROTHER_ID>
     <TREE_ID>ZINVSD</TREE_ID>
     <COPY_NODE>2B1F1079E8BC1EDE8EB1CD0BAEB6AFF0</COPY_NODE>
     <COPY_TREE>ZSD</COPY_TREE>
     <COPNODFRST>2B1F1079E8BC1EDE8EB1CD0BAEB6AFF0</COPNODFRST>
     <COPTREFRST>ZSD</COPTREFRST>
    </HIER_IFACE>
    <HIER_IFACE>
     <NODE_ID>2B1F1079E8BC1EDE93BB8C34616193BE</NODE_ID>
     <NODE_TYPE>NULL</NODE_TYPE>
     <NODE_LEVEL>02</NODE_LEVEL>
     <PARENT_ID>ZINVSD_T</PARENT_ID>
     <BROTHER_ID>2B1F1079E8BC1EDE93BB8C346160D3BE</BROTHER_ID>
     <TREE_ID>ZINVSD</TREE_ID>
     <FORCE_PLUS>X</FORCE_PLUS>
     <COPY_NODE>2B1F1079E8BC1EEE938F06CC6D498154</COPY_NODE>
     <COPY_TREE>ZSD</COPY_TREE>
     <COPNODFRST>2B1F1079E8BC1EEE938F06CC6D498154</COPNODFRST>
     <COPTREFRST>ZSD</COPTREFRST>
    </HIER_IFACE>
    <HIER_IFACE>
     <NODE_ID>2B1F1079E8BC1EDE93BB8C346161B3BE</NODE_ID>
     <NODE_TYPE>TCOD</NODE_TYPE>
     <NODE_LEVEL>03</NODE_LEVEL>
     <PARENT_ID>2B1F1079E8BC1EDE93BB8C34616193BE</PARENT_ID>
     <TREE_ID>ZINVSD</TREE_ID>
     <COPY_NODE>2B1F1079E8BC1EEE938F0ABF06A30188</COPY_NODE>
     <COPY_TREE>ZSD</COPY_TREE>
     <COPNODFRST>2B1F1079E8BC1EEE938F0ABF06A30188</COPNODFRST>
     <COPTREFRST>ZSD</COPTREFRST>
    </HIER_IFACE>
    <HIER_IFACE>
     <NODE_ID>2B1F1079E8BC1EDE93BB8C346161D3BE</NODE_ID>
     <NODE_TYPE>TCOD</NODE_TYPE>
     <NODE_LEVEL>03</NODE_LEVEL>
     <PARENT_ID>2B1F1079E8BC1EDE93BB8C34616193BE</PARENT_ID>
     <BROTHER_ID>2B1F1079E8BC1EDE93BB8C346161B3BE</BROTHER_ID>
     <TREE_ID>ZINVSD</TREE_ID>
     <COPY_NODE>2B1F1079E8BC1EEE938F0ABF06A32188</COPY_NODE>
     <COPY_TREE>ZSD</COPY_TREE>
     <COPNODFRST>2B1F1079E8BC1EEE938F0ABF06A32188</COPNODFRST>
     <COPTREFRST>ZSD</COPTREFRST>
    </HIER_IFACE>
    <HIER_IFACE>
     <NODE_ID>2B1F1079E8BC1EDE93BB8C346161F3BE</NODE_ID>
     <NODE_TYPE>TCOD</NODE_TYPE>
     <NODE_LEVEL>03</NODE_LEVEL>
     <PARENT_ID>2B1F1079E8BC1EDE93BB8C34616193BE</PARENT_ID>
     <BROTHER_ID>2B1F1079E8BC1EDE93BB8C346161D3BE</BROTHER_ID>
     <TREE_ID>ZINVSD</TREE_ID>
     <COPY_NODE>2B1F1079E8BC1EEE938F0ABF06A34188</COPY_NODE>
     <COPY_TREE>ZSD</COPY_TREE>
     <COPNODFRST>2B1F1079E8BC1EEE938F0ABF06A34188</COPNODFRST>
     <COPTREFRST>ZSD</COPTREFRST>
    </HIER_IFACE>
    <HIER_IFACE>
     <NODE_ID>2B1F1079E8BC1EDE93BB8C34616213BE</NODE_ID>
     <NODE_TYPE>TCOD</NODE_TYPE>
     <NODE_LEVEL>03</NODE_LEVEL>
     <PARENT_ID>2B1F1079E8BC1EDE93BB8C34616193BE</PARENT_ID>
     <BROTHER_ID>2B1F1079E8BC1EDE93BB8C346161F3BE</BROTHER_ID>
     <TREE_ID>ZINVSD</TREE_ID>
     <COPY_NODE>2B1F1079E8BC1EEE938F0ABF06A36188</COPY_NODE>
     <COPY_TREE>ZSD</COPY_TREE>
     <COPNODFRST>2B1F1079E8BC1EEE938F0ABF06A36188</COPNODFRST>
     <COPTREFRST>ZSD</COPTREFRST>
    </HIER_IFACE>
    <HIER_IFACE>
     <NODE_ID>A5B3F83BFE8D1EEE95BF65E0DF044706</NODE_ID>
     <NODE_TYPE>TCOD</NODE_TYPE>
     <NODE_LEVEL>03</NODE_LEVEL>
     <PARENT_ID>2B1F1079E8BC1EDE93BB8C34616193BE</PARENT_ID>
     <BROTHER_ID>2B1F1079E8BC1EDE93BB8C34616213BE</BROTHER_ID>
     <TREE_ID>ZINVSD</TREE_ID>
    </HIER_IFACE>
    <HIER_IFACE>
     <NODE_ID>2B1F1079E8BC1EDE93BB8C34616233BE</NODE_ID>
     <NODE_TYPE>NULL</NODE_TYPE>
     <NODE_LEVEL>02</NODE_LEVEL>
     <PARENT_ID>ZINVSD_T</PARENT_ID>
     <BROTHER_ID>2B1F1079E8BC1EDE93BB8C34616193BE</BROTHER_ID>
     <TREE_ID>ZINVSD</TREE_ID>
     <FORCE_PLUS>X</FORCE_PLUS>
     <COPY_NODE>2B1F1079E8BC1EDE8EB1B68037DEAF5C</COPY_NODE>
     <COPY_TREE>ZSD</COPY_TREE>
     <COPNODFRST>2B1F1079E8BC1EDE8EB1B68037DEAF5C</COPNODFRST>
     <COPTREFRST>ZSD</COPTREFRST>
    </HIER_IFACE>
    <HIER_IFACE>
     <NODE_ID>2B1F1079E8BC1EDE93BB8C34616253BE</NODE_ID>
     <NODE_TYPE>NULL</NODE_TYPE>
     <NODE_LEVEL>03</NODE_LEVEL>
     <PARENT_ID>2B1F1079E8BC1EDE93BB8C34616233BE</PARENT_ID>
     <TREE_ID>ZINVSD</TREE_ID>
     <FORCE_PLUS>X</FORCE_PLUS>
     <COPY_NODE>2B1F1079E8BC1EDE8EB1D1AE82E05008</COPY_NODE>
     <COPY_TREE>ZSD</COPY_TREE>
     <COPNODFRST>2B1F1079E8BC1EDE8EB1D1AE82E05008</COPNODFRST>
     <COPTREFRST>ZSD</COPTREFRST>
    </HIER_IFACE>
    <HIER_IFACE>
     <NODE_ID>2B1F1079E8BC1EDE93BB8C346162F3BE</NODE_ID>
     <NODE_TYPE>TCOD</NODE_TYPE>
     <NODE_LEVEL>04</NODE_LEVEL>
     <PARENT_ID>2B1F1079E8BC1EDE93BB8C34616253BE</PARENT_ID>
     <TREE_ID>ZINVSD</TREE_ID>
     <COPY_NODE>2B1F1079E8BC1EDE8EB1D2C459375016</COPY_NODE>
     <COPY_TREE>ZSD</COPY_TREE>
     <COPNODFRST>2B1F1079E8BC1EDE8EB1D2C459375016</COPNODFRST>
     <COPTREFRST>ZSD</COPTREFRST>
    </HIER_IFACE>
    <HIER_IFACE>
     <NODE_ID>A5B3F83BFE8D1EDE969C9CFA6D2611F7</NODE_ID>
     <NODE_TYPE>TCOD</NODE_TYPE>
     <NODE_LEVEL>04</NODE_LEVEL>
     <PARENT_ID>2B1F1079E8BC1EDE93BB8C34616253BE</PARENT_ID>
     <BROTHER_ID>2B1F1079E8BC1EDE93BB8C346162F3BE</BROTHER_ID>
     <TREE_ID>ZINVSD</TREE_ID>
    </HIER_IFACE>
    <HIER_IFACE>
     <NODE_ID>2B1F1079E8BC1EDE93BB8C34616273BE</NODE_ID>
     <NODE_TYPE>TCOD</NODE_TYPE>
     <NODE_LEVEL>04</NODE_LEVEL>
     <PARENT_ID>2B1F1079E8BC1EDE93BB8C34616253BE</PARENT_ID>
     <BROTHER_ID>A5B3F83BFE8D1EDE969C9CFA6D2611F7</BROTHER_ID>
     <TREE_ID>ZINVSD</TREE_ID>
     <COPY_NODE>2B1F1079E8BC1EDE8EB1D2C45936D016</COPY_NODE>
     <COPY_TREE>ZSD</COPY_TREE>
     <COPNODFRST>2B1F1079E8BC1EDE8EB1D2C45936D016</COPNODFRST>
     <COPTREFRST>ZSD</COPTREFRST>
    </HIER_IFACE>
    <HIER_IFACE>
     <NODE_ID>2B1F1079E8BC1EDE93BB8C34616293BE</NODE_ID>
     <NODE_TYPE>TCOD</NODE_TYPE>
     <NODE_LEVEL>04</NODE_LEVEL>
     <PARENT_ID>2B1F1079E8BC1EDE93BB8C34616253BE</PARENT_ID>
     <BROTHER_ID>2B1F1079E8BC1EDE93BB8C34616273BE</BROTHER_ID>
     <TREE_ID>ZINVSD</TREE_ID>
     <COPY_NODE>2B1F1079E8BC1EDE8EB1D2C45936F016</COPY_NODE>
     <COPY_TREE>ZSD</COPY_TREE>
     <COPNODFRST>2B1F1079E8BC1EDE8EB1D2C45936F016</COPNODFRST>
     <COPTREFRST>ZSD</COPTREFRST>
    </HIER_IFACE>
    <HIER_IFACE>
     <NODE_ID>2B1F1079E8BC1EDE93BB8C346162B3BE</NODE_ID>
     <NODE_TYPE>TCOD</NODE_TYPE>
     <NODE_LEVEL>04</NODE_LEVEL>
     <PARENT_ID>2B1F1079E8BC1EDE93BB8C34616253BE</PARENT_ID>
     <BROTHER_ID>2B1F1079E8BC1EDE93BB8C34616293BE</BROTHER_ID>
     <TREE_ID>ZINVSD</TREE_ID>
     <COPY_NODE>2B1F1079E8BC1EDE8EB1D2C459371016</COPY_NODE>
     <COPY_TREE>ZSD</COPY_TREE>
     <COPNODFRST>2B1F1079E8BC1EDE8EB1D2C459371016</COPNODFRST>
     <COPTREFRST>ZSD</COPTREFRST>
    </HIER_IFACE>
    <HIER_IFACE>
     <NODE_ID>2B1F1079E8BC1EDE93BB8C346162D3BE</NODE_ID>
     <NODE_TYPE>TCOD</NODE_TYPE>
     <NODE_LEVEL>04</NODE_LEVEL>
     <PARENT_ID>2B1F1079E8BC1EDE93BB8C34616253BE</PARENT_ID>
     <BROTHER_ID>2B1F1079E8BC1EDE93BB8C346162B3BE</BROTHER_ID>
     <TREE_ID>ZINVSD</TREE_ID>
     <COPY_NODE>2B1F1079E8BC1EDE8EB1D2C459373016</COPY_NODE>
     <COPY_TREE>ZSD</COPY_TREE>
     <COPNODFRST>2B1F1079E8BC1EDE8EB1D2C459373016</COPNODFRST>
     <COPTREFRST>ZSD</COPTREFRST>
    </HIER_IFACE>
    <HIER_IFACE>
     <NODE_ID>2B1F1079E8BC1EDE93BB8C34616313BE</NODE_ID>
     <NODE_TYPE>NULL</NODE_TYPE>
     <NODE_LEVEL>03</NODE_LEVEL>
     <PARENT_ID>2B1F1079E8BC1EDE93BB8C34616233BE</PARENT_ID>
     <BROTHER_ID>2B1F1079E8BC1EDE93BB8C34616253BE</BROTHER_ID>
     <TREE_ID>ZINVSD</TREE_ID>
     <FORCE_PLUS>X</FORCE_PLUS>
     <COPY_NODE>2B1F1079E8BC1EDE8EB1D1AE82E07008</COPY_NODE>
     <COPY_TREE>ZSD</COPY_TREE>
     <COPNODFRST>2B1F1079E8BC1EDE8EB1D1AE82E07008</COPNODFRST>
     <COPTREFRST>ZSD</COPTREFRST>
    </HIER_IFACE>
    <HIER_IFACE>
     <NODE_ID>A5B3F83BFE8D1EEE95BF6931276D471C</NODE_ID>
     <NODE_TYPE>TCOD</NODE_TYPE>
     <NODE_LEVEL>04</NODE_LEVEL>
     <PARENT_ID>2B1F1079E8BC1EDE93BB8C34616313BE</PARENT_ID>
     <TREE_ID>ZINVSD</TREE_ID>
    </HIER_IFACE>
    <HIER_IFACE>
     <NODE_ID>2B1F1079E8BC1EDE93BB8C34616333BE</NODE_ID>
     <NODE_TYPE>TCOD</NODE_TYPE>
     <NODE_LEVEL>04</NODE_LEVEL>
     <PARENT_ID>2B1F1079E8BC1EDE93BB8C34616313BE</PARENT_ID>
     <BROTHER_ID>A5B3F83BFE8D1EEE95BF6931276D471C</BROTHER_ID>
     <TREE_ID>ZINVSD</TREE_ID>
     <COPY_NODE>2B1F1079E8BC1EDE8EB1D522CF82D019</COPY_NODE>
     <COPY_TREE>ZSD</COPY_TREE>
     <COPNODFRST>2B1F1079E8BC1EDE8EB1D522CF82D019</COPNODFRST>
     <COPTREFRST>ZSD</COPTREFRST>
    </HIER_IFACE>
    <HIER_IFACE>
     <NODE_ID>2B1F1079E8BC1EDE93BB8C34616353BE</NODE_ID>
     <NODE_TYPE>NULL</NODE_TYPE>
     <NODE_LEVEL>03</NODE_LEVEL>
     <PARENT_ID>2B1F1079E8BC1EDE93BB8C34616233BE</PARENT_ID>
     <BROTHER_ID>2B1F1079E8BC1EDE93BB8C34616313BE</BROTHER_ID>
     <TREE_ID>ZINVSD</TREE_ID>
     <FORCE_PLUS>X</FORCE_PLUS>
     <COPY_NODE>2B1F1079E8BC1EDE8EB1D1AE82E09008</COPY_NODE>
     <COPY_TREE>ZSD</COPY_TREE>
     <COPNODFRST>2B1F1079E8BC1EDE8EB1D1AE82E09008</COPNODFRST>
     <COPTREFRST>ZSD</COPTREFRST>
    </HIER_IFACE>
    <HIER_IFACE>
     <NODE_ID>A5B3F83BFE8D1EDE98FB3446604B84A9</NODE_ID>
     <NODE_TYPE>TCOD</NODE_TYPE>
     <NODE_LEVEL>04</NODE_LEVEL>
     <PARENT_ID>2B1F1079E8BC1EDE93BB8C34616353BE</PARENT_ID>
     <TREE_ID>ZINVSD</TREE_ID>
    </HIER_IFACE>
    <HIER_IFACE>
     <NODE_ID>2B1F1079E8BC1EDE93BB8C34616373BE</NODE_ID>
     <NODE_TYPE>TCOD</NODE_TYPE>
     <NODE_LEVEL>04</NODE_LEVEL>
     <PARENT_ID>2B1F1079E8BC1EDE93BB8C34616353BE</PARENT_ID>
     <BROTHER_ID>A5B3F83BFE8D1EDE98FB3446604B84A9</BROTHER_ID>
     <TREE_ID>ZINVSD</TREE_ID>
     <COPY_NODE>2B1F1079E8BC1EDE8EB1D73B31D55026</COPY_NODE>
     <COPY_TREE>ZSD</COPY_TREE>
     <COPNODFRST>2B1F1079E8BC1EDE8EB1D73B31D55026</COPNODFRST>
     <COPTREFRST>ZSD</COPTREFRST>
    </HIER_IFACE>
    <HIER_IFACE>
     <NODE_ID>2B1F1079E8BC1EDE93BB8C34616393BE</NODE_ID>
     <NODE_TYPE>TCOD</NODE_TYPE>
     <NODE_LEVEL>04</NODE_LEVEL>
     <PARENT_ID>2B1F1079E8BC1EDE93BB8C34616353BE</PARENT_ID>
     <BROTHER_ID>2B1F1079E8BC1EDE93BB8C34616373BE</BROTHER_ID>
     <TREE_ID>ZINVSD</TREE_ID>
     <COPY_NODE>2B1F1079E8BC1EDE92DF0B58E1789375</COPY_NODE>
     <COPY_TREE>ZSD</COPY_TREE>
     <COPNODFRST>2B1F1079E8BC1EDE92DF0B58E1789375</COPNODFRST>
     <COPTREFRST>ZSD</COPTREFRST>
    </HIER_IFACE>
    <HIER_IFACE>
     <NODE_ID>2B1F1079E8BC1EDE93BB8C346163B3BE</NODE_ID>
     <NODE_TYPE>TCOD</NODE_TYPE>
     <NODE_LEVEL>04</NODE_LEVEL>
     <PARENT_ID>2B1F1079E8BC1EDE93BB8C34616353BE</PARENT_ID>
     <BROTHER_ID>2B1F1079E8BC1EDE93BB8C34616393BE</BROTHER_ID>
     <TREE_ID>ZINVSD</TREE_ID>
     <COPY_NODE>2B1F1079E8BC1EDE92921F3D527E0100</COPY_NODE>
     <COPY_TREE>ZSD</COPY_TREE>
     <COPNODFRST>2B1F1079E8BC1EDE92921F3D527E0100</COPNODFRST>
     <COPTREFRST>ZSD</COPTREFRST>
    </HIER_IFACE>
    <HIER_IFACE>
     <NODE_ID>A5B3F83BFE8D1EEE98CC05CD2D8258DA</NODE_ID>
     <NODE_TYPE>NULL</NODE_TYPE>
     <NODE_LEVEL>03</NODE_LEVEL>
     <PARENT_ID>2B1F1079E8BC1EDE93BB8C34616233BE</PARENT_ID>
     <BROTHER_ID>2B1F1079E8BC1EDE93BB8C34616353BE</BROTHER_ID>
     <TREE_ID>ZINVSD</TREE_ID>
     <FORCE_PLUS>X</FORCE_PLUS>
    </HIER_IFACE>
    <HIER_IFACE>
     <NODE_ID>A5B3F83BFE8D1EEE98CC099F9B1A18F4</NODE_ID>
     <NODE_TYPE>TCOD</NODE_TYPE>
     <NODE_LEVEL>04</NODE_LEVEL>
     <PARENT_ID>A5B3F83BFE8D1EEE98CC05CD2D8258DA</PARENT_ID>
     <TREE_ID>ZINVSD</TREE_ID>
    </HIER_IFACE>
    <HIER_IFACE>
     <NODE_ID>2B1F1079E8BC1EDE93BB8C346163D3BE</NODE_ID>
     <NODE_TYPE>NULL</NODE_TYPE>
     <NODE_LEVEL>02</NODE_LEVEL>
     <PARENT_ID>ZINVSD_T</PARENT_ID>
     <BROTHER_ID>2B1F1079E8BC1EDE93BB8C34616233BE</BROTHER_ID>
     <TREE_ID>ZINVSD</TREE_ID>
     <FORCE_PLUS>X</FORCE_PLUS>
     <COPY_NODE>2B1F1079E8BC1EDE8EB1B68037DECF5C</COPY_NODE>
     <COPY_TREE>ZSD</COPY_TREE>
     <COPNODFRST>2B1F1079E8BC1EDE8EB1B68037DECF5C</COPNODFRST>
     <COPTREFRST>ZSD</COPTREFRST>
    </HIER_IFACE>
    <HIER_IFACE>
     <NODE_ID>2B1F1079E8BC1EDE93BB8C346163F3BE</NODE_ID>
     <NODE_TYPE>NULL</NODE_TYPE>
     <NODE_LEVEL>03</NODE_LEVEL>
     <PARENT_ID>2B1F1079E8BC1EDE93BB8C346163D3BE</PARENT_ID>
     <TREE_ID>ZINVSD</TREE_ID>
     <FORCE_PLUS>X</FORCE_PLUS>
     <COPY_NODE>2B1F1079E8BC1EDE8EB1D9C1D65D5036</COPY_NODE>
     <COPY_TREE>ZSD</COPY_TREE>
     <COPNODFRST>2B1F1079E8BC1EDE8EB1D9C1D65D5036</COPNODFRST>
     <COPTREFRST>ZSD</COPTREFRST>
    </HIER_IFACE>
    <HIER_IFACE>
     <NODE_ID>2B1F1079E8BC1EDE93BB8C34616413BE</NODE_ID>
     <NODE_TYPE>TCOD</NODE_TYPE>
     <NODE_LEVEL>04</NODE_LEVEL>
     <PARENT_ID>2B1F1079E8BC1EDE93BB8C346163F3BE</PARENT_ID>
     <TREE_ID>ZINVSD</TREE_ID>
     <COPY_NODE>2B1F1079E8BC1EDE8EB1DBAF430DD038</COPY_NODE>
     <COPY_TREE>ZSD</COPY_TREE>
     <COPNODFRST>2B1F1079E8BC1EDE8EB1DBAF430DD038</COPNODFRST>
     <COPTREFRST>ZSD</COPTREFRST>
    </HIER_IFACE>
    <HIER_IFACE>
     <NODE_ID>2B1F1079E8BC1EDE93BB8C34616433BE</NODE_ID>
     <NODE_TYPE>TCOD</NODE_TYPE>
     <NODE_LEVEL>04</NODE_LEVEL>
     <PARENT_ID>2B1F1079E8BC1EDE93BB8C346163F3BE</PARENT_ID>
     <BROTHER_ID>2B1F1079E8BC1EDE93BB8C34616413BE</BROTHER_ID>
     <TREE_ID>ZINVSD</TREE_ID>
     <COPY_NODE>2B1F1079E8BC1EDE8EB1DBAF430DF038</COPY_NODE>
     <COPY_TREE>ZSD</COPY_TREE>
     <COPNODFRST>2B1F1079E8BC1EDE8EB1DBAF430DF038</COPNODFRST>
     <COPTREFRST>ZSD</COPTREFRST>
    </HIER_IFACE>
    <HIER_IFACE>
     <NODE_ID>2B1F1079E8BC1EDE93BB8C34616453BE</NODE_ID>
     <NODE_TYPE>TCOD</NODE_TYPE>
     <NODE_LEVEL>04</NODE_LEVEL>
     <PARENT_ID>2B1F1079E8BC1EDE93BB8C346163F3BE</PARENT_ID>
     <BROTHER_ID>2B1F1079E8BC1EDE93BB8C34616433BE</BROTHER_ID>
     <TREE_ID>ZINVSD</TREE_ID>
     <COPY_NODE>2B1F1079E8BC1EDE8EB1DE6EC3D9D04A</COPY_NODE>
     <COPY_TREE>ZSD</COPY_TREE>
     <COPNODFRST>2B1F1079E8BC1EDE8EB1DE6EC3D9D04A</COPNODFRST>
     <COPTREFRST>ZSD</COPTREFRST>
    </HIER_IFACE>
    <HIER_IFACE>
     <NODE_ID>2B1F1079E8BC1EDE93BB8C34616473BE</NODE_ID>
     <NODE_TYPE>NULL</NODE_TYPE>
     <NODE_LEVEL>03</NODE_LEVEL>
     <PARENT_ID>2B1F1079E8BC1EDE93BB8C346163D3BE</PARENT_ID>
     <BROTHER_ID>2B1F1079E8BC1EDE93BB8C346163F3BE</BROTHER_ID>
     <TREE_ID>ZINVSD</TREE_ID>
     <FORCE_PLUS>X</FORCE_PLUS>
     <COPY_NODE>2B1F1079E8BC1EDE8EB1D9C1D65D7036</COPY_NODE>
     <COPY_TREE>ZSD</COPY_TREE>
     <COPNODFRST>2B1F1079E8BC1EDE8EB1D9C1D65D7036</COPNODFRST>
     <COPTREFRST>ZSD</COPTREFRST>
    </HIER_IFACE>
    <HIER_IFACE>
     <NODE_ID>A5B3F83BFE8D1EEE9AACF01F97B7272F</NODE_ID>
     <NODE_TYPE>TCOD</NODE_TYPE>
     <NODE_LEVEL>04</NODE_LEVEL>
     <PARENT_ID>2B1F1079E8BC1EDE93BB8C34616473BE</PARENT_ID>
     <TREE_ID>ZINVSD</TREE_ID>
    </HIER_IFACE>
    <HIER_IFACE>
     <NODE_ID>2B1F1079E8BC1EDE93BB8C34616493BE</NODE_ID>
     <NODE_TYPE>TCOD</NODE_TYPE>
     <NODE_LEVEL>04</NODE_LEVEL>
     <PARENT_ID>2B1F1079E8BC1EDE93BB8C34616473BE</PARENT_ID>
     <BROTHER_ID>A5B3F83BFE8D1EEE9AACF01F97B7272F</BROTHER_ID>
     <TREE_ID>ZINVSD</TREE_ID>
     <COPY_NODE>2B1F1079E8BC1EDE8EB1DFF14C11906D</COPY_NODE>
     <COPY_TREE>ZSD</COPY_TREE>
     <COPNODFRST>2B1F1079E8BC1EDE8EB1DFF14C11906D</COPNODFRST>
     <COPTREFRST>ZSD</COPTREFRST>
    </HIER_IFACE>
    <HIER_IFACE>
     <NODE_ID>2B1F1079E8BC1EDE93BB8C346164B3BE</NODE_ID>
     <NODE_TYPE>TCOD</NODE_TYPE>
     <NODE_LEVEL>04</NODE_LEVEL>
     <PARENT_ID>2B1F1079E8BC1EDE93BB8C34616473BE</PARENT_ID>
     <BROTHER_ID>2B1F1079E8BC1EDE93BB8C34616493BE</BROTHER_ID>
     <TREE_ID>ZINVSD</TREE_ID>
     <COPY_NODE>2B1F1079E8BC1EDE8EB1DFF14C11B06D</COPY_NODE>
     <COPY_TREE>ZSD</COPY_TREE>
     <COPNODFRST>2B1F1079E8BC1EDE8EB1DFF14C11B06D</COPNODFRST>
     <COPTREFRST>ZSD</COPTREFRST>
    </HIER_IFACE>
    <HIER_IFACE>
     <NODE_ID>A5B3F83BFE8D1EDE9BC81B01A1884FC8</NODE_ID>
     <NODE_TYPE>TCOD</NODE_TYPE>
     <NODE_LEVEL>04</NODE_LEVEL>
     <PARENT_ID>2B1F1079E8BC1EDE93BB8C34616473BE</PARENT_ID>
     <BROTHER_ID>2B1F1079E8BC1EDE93BB8C346164B3BE</BROTHER_ID>
     <TREE_ID>ZINVSD</TREE_ID>
    </HIER_IFACE>
    <HIER_IFACE>
     <NODE_ID>2B1F1079E8BC1EDE93BB8C346164D3BE</NODE_ID>
     <NODE_TYPE>TCOD</NODE_TYPE>
     <NODE_LEVEL>04</NODE_LEVEL>
     <PARENT_ID>2B1F1079E8BC1EDE93BB8C34616473BE</PARENT_ID>
     <BROTHER_ID>A5B3F83BFE8D1EDE9BC81B01A1884FC8</BROTHER_ID>
     <TREE_ID>ZINVSD</TREE_ID>
     <COPY_NODE>2B1F1079E8BC1EDE8EB1DFF14C11D06D</COPY_NODE>
     <COPY_TREE>ZSD</COPY_TREE>
     <COPNODFRST>2B1F1079E8BC1EDE8EB1DFF14C11D06D</COPNODFRST>
     <COPTREFRST>ZSD</COPTREFRST>
    </HIER_IFACE>
    <HIER_IFACE>
     <NODE_ID>2B1F1079E8BC1EDE93BB8C346164F3BE</NODE_ID>
     <NODE_TYPE>NULL</NODE_TYPE>
     <NODE_LEVEL>03</NODE_LEVEL>
     <PARENT_ID>2B1F1079E8BC1EDE93BB8C346163D3BE</PARENT_ID>
     <BROTHER_ID>2B1F1079E8BC1EDE93BB8C34616473BE</BROTHER_ID>
     <TREE_ID>ZINVSD</TREE_ID>
     <FORCE_PLUS>X</FORCE_PLUS>
     <COPY_NODE>2B1F1079E8BC1EDE8EB1D9C1D65D9036</COPY_NODE>
     <COPY_TREE>ZSD</COPY_TREE>
     <COPNODFRST>2B1F1079E8BC1EDE8EB1D9C1D65D9036</COPNODFRST>
     <COPTREFRST>ZSD</COPTREFRST>
    </HIER_IFACE>
    <HIER_IFACE>
     <NODE_ID>2B1F1079E8BC1EDE93BB8C34616513BE</NODE_ID>
     <NODE_TYPE>TCOD</NODE_TYPE>
     <NODE_LEVEL>04</NODE_LEVEL>
     <PARENT_ID>2B1F1079E8BC1EDE93BB8C346164F3BE</PARENT_ID>
     <TREE_ID>ZINVSD</TREE_ID>
     <COPY_NODE>2B1F1079E8BC1EDE8EB1E136151B9080</COPY_NODE>
     <COPY_TREE>ZSD</COPY_TREE>
     <COPNODFRST>2B1F1079E8BC1EDE8EB1E136151B9080</COPNODFRST>
     <COPTREFRST>ZSD</COPTREFRST>
    </HIER_IFACE>
    <HIER_IFACE>
     <NODE_ID>2B1F1079E8BC1EDE93BB8C34616533BE</NODE_ID>
     <NODE_TYPE>TCOD</NODE_TYPE>
     <NODE_LEVEL>04</NODE_LEVEL>
     <PARENT_ID>2B1F1079E8BC1EDE93BB8C346164F3BE</PARENT_ID>
     <BROTHER_ID>2B1F1079E8BC1EDE93BB8C34616513BE</BROTHER_ID>
     <TREE_ID>ZINVSD</TREE_ID>
     <COPY_NODE>2B1F1079E8BC1EDE8EB1E136151BB080</COPY_NODE>
     <COPY_TREE>ZSD</COPY_TREE>
     <COPNODFRST>2B1F1079E8BC1EDE8EB1E136151BB080</COPNODFRST>
     <COPTREFRST>ZSD</COPTREFRST>
    </HIER_IFACE>
    <HIER_IFACE>
     <NODE_ID>2B1F1079E8BC1EDE93BB8C34616553BE</NODE_ID>
     <NODE_TYPE>TCOD</NODE_TYPE>
     <NODE_LEVEL>04</NODE_LEVEL>
     <PARENT_ID>2B1F1079E8BC1EDE93BB8C346164F3BE</PARENT_ID>
     <BROTHER_ID>2B1F1079E8BC1EDE93BB8C34616533BE</BROTHER_ID>
     <TREE_ID>ZINVSD</TREE_ID>
     <COPY_NODE>2B1F1079E8BC1EDE8EB1E136151BD080</COPY_NODE>
     <COPY_TREE>ZSD</COPY_TREE>
     <COPNODFRST>2B1F1079E8BC1EDE8EB1E136151BD080</COPNODFRST>
     <COPTREFRST>ZSD</COPTREFRST>
    </HIER_IFACE>
    <HIER_IFACE>
     <NODE_ID>2B1F1079E8BC1EDE93BB8C34616573BE</NODE_ID>
     <NODE_TYPE>NULL</NODE_TYPE>
     <NODE_LEVEL>02</NODE_LEVEL>
     <PARENT_ID>ZINVSD_T</PARENT_ID>
     <BROTHER_ID>2B1F1079E8BC1EDE93BB8C346163D3BE</BROTHER_ID>
     <TREE_ID>ZINVSD</TREE_ID>
     <FORCE_PLUS>X</FORCE_PLUS>
     <COPY_NODE>2B1F1079E8BC1EDE8EB1B68037DEEF5C</COPY_NODE>
     <COPY_TREE>ZSD</COPY_TREE>
     <COPNODFRST>2B1F1079E8BC1EDE8EB1B68037DEEF5C</COPNODFRST>
     <COPTREFRST>ZSD</COPTREFRST>
    </HIER_IFACE>
    <HIER_IFACE>
     <NODE_ID>2B1F1079E8BC1EDE93BB8C34616593BE</NODE_ID>
     <NODE_TYPE>NULL</NODE_TYPE>
     <NODE_LEVEL>03</NODE_LEVEL>
     <PARENT_ID>2B1F1079E8BC1EDE93BB8C34616573BE</PARENT_ID>
     <TREE_ID>ZINVSD</TREE_ID>
     <FORCE_PLUS>X</FORCE_PLUS>
     <COPY_NODE>2B1F1079E8BC1EDE8EB1E393FFC15087</COPY_NODE>
     <COPY_TREE>ZSD</COPY_TREE>
     <COPNODFRST>2B1F1079E8BC1EDE8EB1E393FFC15087</COPNODFRST>
     <COPTREFRST>ZSD</COPTREFRST>
    </HIER_IFACE>
    <HIER_IFACE>
     <NODE_ID>2B1F1079E8BC1EDE93BB8C346165B3BE</NODE_ID>
     <NODE_TYPE>TCOD</NODE_TYPE>
     <NODE_LEVEL>04</NODE_LEVEL>
     <PARENT_ID>2B1F1079E8BC1EDE93BB8C34616593BE</PARENT_ID>
     <TREE_ID>ZINVSD</TREE_ID>
     <COPY_NODE>2B1F1079E8BC1EDE8EB1E44B98F11087</COPY_NODE>
     <COPY_TREE>ZSD</COPY_TREE>
     <COPNODFRST>2B1F1079E8BC1EDE8EB1E44B98F11087</COPNODFRST>
     <COPTREFRST>ZSD</COPTREFRST>
    </HIER_IFACE>
    <HIER_IFACE>
     <NODE_ID>2B1F1079E8BC1EDE93BB8C346165D3BE</NODE_ID>
     <NODE_TYPE>TCOD</NODE_TYPE>
     <NODE_LEVEL>04</NODE_LEVEL>
     <PARENT_ID>2B1F1079E8BC1EDE93BB8C34616593BE</PARENT_ID>
     <BROTHER_ID>2B1F1079E8BC1EDE93BB8C346165B3BE</BROTHER_ID>
     <TREE_ID>ZINVSD</TREE_ID>
     <COPY_NODE>2B1F1079E8BC1EDE8EB1E44B98F13087</COPY_NODE>
     <COPY_TREE>ZSD</COPY_TREE>
     <COPNODFRST>2B1F1079E8BC1EDE8EB1E44B98F13087</COPNODFRST>
     <COPTREFRST>ZSD</COPTREFRST>
    </HIER_IFACE>
    <HIER_IFACE>
     <NODE_ID>2B1F1079E8BC1EDE93BB8C346165F3BE</NODE_ID>
     <NODE_TYPE>TCOD</NODE_TYPE>
     <NODE_LEVEL>04</NODE_LEVEL>
     <PARENT_ID>2B1F1079E8BC1EDE93BB8C34616593BE</PARENT_ID>
     <BROTHER_ID>2B1F1079E8BC1EDE93BB8C346165D3BE</BROTHER_ID>
     <TREE_ID>ZINVSD</TREE_ID>
     <COPY_NODE>2B1F1079E8BC1EDE8EB1E44B98F15087</COPY_NODE>
     <COPY_TREE>ZSD</COPY_TREE>
     <COPNODFRST>2B1F1079E8BC1EDE8EB1E44B98F15087</COPNODFRST>
     <COPTREFRST>ZSD</COPTREFRST>
    </HIER_IFACE>
    <HIER_IFACE>
     <NODE_ID>A5B3F83BFE8D1EEE9A80CB8053C58E3B</NODE_ID>
     <NODE_TYPE>TCOD</NODE_TYPE>
     <NODE_LEVEL>04</NODE_LEVEL>
     <PARENT_ID>2B1F1079E8BC1EDE93BB8C34616593BE</PARENT_ID>
     <BROTHER_ID>2B1F1079E8BC1EDE93BB8C346165F3BE</BROTHER_ID>
     <TREE_ID>ZINVSD</TREE_ID>
    </HIER_IFACE>
    <HIER_IFACE>
     <NODE_ID>2B1F1079E8BC1EDE93BB8C34616613BE</NODE_ID>
     <NODE_TYPE>TCOD</NODE_TYPE>
     <NODE_LEVEL>04</NODE_LEVEL>
     <PARENT_ID>2B1F1079E8BC1EDE93BB8C34616593BE</PARENT_ID>
     <BROTHER_ID>A5B3F83BFE8D1EEE9A80CB8053C58E3B</BROTHER_ID>
     <TREE_ID>ZINVSD</TREE_ID>
     <COPY_NODE>2B1F1079E8BC1EDE8EB1E44B98F17087</COPY_NODE>
     <COPY_TREE>ZSD</COPY_TREE>
     <COPNODFRST>2B1F1079E8BC1EDE8EB1E44B98F17087</COPNODFRST>
     <COPTREFRST>ZSD</COPTREFRST>
    </HIER_IFACE>
    <HIER_IFACE>
     <NODE_ID>2B1F1079E8BC1EDE93BB8C34616633BE</NODE_ID>
     <NODE_TYPE>TCOD</NODE_TYPE>
     <NODE_LEVEL>04</NODE_LEVEL>
     <PARENT_ID>2B1F1079E8BC1EDE93BB8C34616593BE</PARENT_ID>
     <BROTHER_ID>2B1F1079E8BC1EDE93BB8C34616613BE</BROTHER_ID>
     <TREE_ID>ZINVSD</TREE_ID>
     <COPY_NODE>2B1F1079E8BC1EDE8EB1E44B98F19087</COPY_NODE>
     <COPY_TREE>ZSD</COPY_TREE>
     <COPNODFRST>2B1F1079E8BC1EDE8EB1E44B98F19087</COPNODFRST>
     <COPTREFRST>ZSD</COPTREFRST>
    </HIER_IFACE>
    <HIER_IFACE>
     <NODE_ID>2B1F1079E8BC1EDE93BB8C34616653BE</NODE_ID>
     <NODE_TYPE>TCOD</NODE_TYPE>
     <NODE_LEVEL>04</NODE_LEVEL>
     <PARENT_ID>2B1F1079E8BC1EDE93BB8C34616593BE</PARENT_ID>
     <BROTHER_ID>2B1F1079E8BC1EDE93BB8C34616633BE</BROTHER_ID>
     <TREE_ID>ZINVSD</TREE_ID>
     <COPY_NODE>2B1F1079E8BC1EDE8EB1E44B98F1B087</COPY_NODE>
     <COPY_TREE>ZSD</COPY_TREE>
     <COPNODFRST>2B1F1079E8BC1EDE8EB1E44B98F1B087</COPNODFRST>
     <COPTREFRST>ZSD</COPTREFRST>
    </HIER_IFACE>
    <HIER_IFACE>
     <NODE_ID>2B1F1079E8BC1EDE93BB8C34616673BE</NODE_ID>
     <NODE_TYPE>NULL</NODE_TYPE>
     <NODE_LEVEL>03</NODE_LEVEL>
     <PARENT_ID>2B1F1079E8BC1EDE93BB8C34616573BE</PARENT_ID>
     <BROTHER_ID>2B1F1079E8BC1EDE93BB8C34616593BE</BROTHER_ID>
     <TREE_ID>ZINVSD</TREE_ID>
     <FORCE_PLUS>X</FORCE_PLUS>
     <COPY_NODE>2B1F1079E8BC1EDE8EB1E393FFC17087</COPY_NODE>
     <COPY_TREE>ZSD</COPY_TREE>
     <COPNODFRST>2B1F1079E8BC1EDE8EB1E393FFC17087</COPNODFRST>
     <COPTREFRST>ZSD</COPTREFRST>
    </HIER_IFACE>
    <HIER_IFACE>
     <NODE_ID>2B1F1079E8BC1EDE93BB8C34616693BE</NODE_ID>
     <NODE_TYPE>TCOD</NODE_TYPE>
     <NODE_LEVEL>04</NODE_LEVEL>
     <PARENT_ID>2B1F1079E8BC1EDE93BB8C34616673BE</PARENT_ID>
     <TREE_ID>ZINVSD</TREE_ID>
     <COPY_NODE>2B1F1079E8BC1EDE8EB1E5401A9F9098</COPY_NODE>
     <COPY_TREE>ZSD</COPY_TREE>
     <COPNODFRST>2B1F1079E8BC1EDE8EB1E5401A9F9098</COPNODFRST>
     <COPTREFRST>ZSD</COPTREFRST>
    </HIER_IFACE>
    <HIER_IFACE>
     <NODE_ID>A5B3F83BFE8D1EDE96FFE628C788617F</NODE_ID>
     <NODE_TYPE>NULL</NODE_TYPE>
     <NODE_LEVEL>03</NODE_LEVEL>
     <PARENT_ID>2B1F1079E8BC1EDE93BB8C34616573BE</PARENT_ID>
     <BROTHER_ID>2B1F1079E8BC1EDE93BB8C34616673BE</BROTHER_ID>
     <TREE_ID>ZINVSD</TREE_ID>
     <FORCE_PLUS>X</FORCE_PLUS>
    </HIER_IFACE>
    <HIER_IFACE>
     <NODE_ID>A5B3F83BFE8D1EDE96FFE801D6A8818A</NODE_ID>
     <NODE_TYPE>TCOD</NODE_TYPE>
     <NODE_LEVEL>04</NODE_LEVEL>
     <PARENT_ID>A5B3F83BFE8D1EDE96FFE628C788617F</PARENT_ID>
     <TREE_ID>ZINVSD</TREE_ID>
    </HIER_IFACE>
    <HIER_IFACE>
     <NODE_ID>A5B3F83BFE8D1EEE95BF6D3FE20C8734</NODE_ID>
     <NODE_TYPE>NULL</NODE_TYPE>
     <NODE_LEVEL>02</NODE_LEVEL>
     <PARENT_ID>ZINVSD_T</PARENT_ID>
     <BROTHER_ID>2B1F1079E8BC1EDE93BB8C34616573BE</BROTHER_ID>
     <TREE_ID>ZINVSD</TREE_ID>
     <FORCE_PLUS>X</FORCE_PLUS>
    </HIER_IFACE>
    <HIER_IFACE>
     <NODE_ID>A5B3F83BFE8D1EDE9CF3DBE8C24E056D</NODE_ID>
     <NODE_TYPE>TCOD</NODE_TYPE>
     <NODE_LEVEL>03</NODE_LEVEL>
     <PARENT_ID>A5B3F83BFE8D1EEE95BF6D3FE20C8734</PARENT_ID>
     <TREE_ID>ZINVSD</TREE_ID>
    </HIER_IFACE>
    <HIER_IFACE>
     <NODE_ID>A5B3F83BFE8D1EEE95BF6F0F6E79473D</NODE_ID>
     <NODE_TYPE>TCOD</NODE_TYPE>
     <NODE_LEVEL>03</NODE_LEVEL>
     <PARENT_ID>A5B3F83BFE8D1EEE95BF6D3FE20C8734</PARENT_ID>
     <BROTHER_ID>A5B3F83BFE8D1EDE9CF3DBE8C24E056D</BROTHER_ID>
     <TREE_ID>ZINVSD</TREE_ID>
    </HIER_IFACE>
    <HIER_IFACE>
     <NODE_ID>2B1F1079E8BC1EDE93BB8C346166B3BE</NODE_ID>
     <NODE_TYPE>NULL</NODE_TYPE>
     <NODE_LEVEL>02</NODE_LEVEL>
     <PARENT_ID>ZINVSD_T</PARENT_ID>
     <BROTHER_ID>A5B3F83BFE8D1EEE95BF6D3FE20C8734</BROTHER_ID>
     <TREE_ID>ZINVSD</TREE_ID>
     <FORCE_PLUS>X</FORCE_PLUS>
     <COPY_NODE>2B1F1079E8BC1EDE8EB1B68037DF0F5C</COPY_NODE>
     <COPY_TREE>ZSD</COPY_TREE>
     <COPNODFRST>2B1F1079E8BC1EDE8EB1B68037DF0F5C</COPNODFRST>
     <COPTREFRST>ZSD</COPTREFRST>
    </HIER_IFACE>
    <HIER_IFACE>
     <NODE_ID>2B1F1079E8BC1EDE93BB8C346166D3BE</NODE_ID>
     <NODE_TYPE>NULL</NODE_TYPE>
     <NODE_LEVEL>03</NODE_LEVEL>
     <PARENT_ID>2B1F1079E8BC1EDE93BB8C346166B3BE</PARENT_ID>
     <TREE_ID>ZINVSD</TREE_ID>
     <COPY_NODE>2B1F1079E8BC1EDE8EB1E98407CC10AD</COPY_NODE>
     <COPY_TREE>ZSD</COPY_TREE>
     <COPNODFRST>2B1F1079E8BC1EDE8EB1E98407CC10AD</COPNODFRST>
     <COPTREFRST>ZSD</COPTREFRST>
    </HIER_IFACE>
    <HIER_IFACE>
     <NODE_ID>2B1F1079E8BC1EDE93BB8C346166F3BE</NODE_ID>
     <NODE_TYPE>NULL</NODE_TYPE>
     <NODE_LEVEL>03</NODE_LEVEL>
     <PARENT_ID>2B1F1079E8BC1EDE93BB8C346166B3BE</PARENT_ID>
     <BROTHER_ID>2B1F1079E8BC1EDE93BB8C346166D3BE</BROTHER_ID>
     <TREE_ID>ZINVSD</TREE_ID>
     <COPY_NODE>2B1F1079E8BC1EDE8EB1E98407CC30AD</COPY_NODE>
     <COPY_TREE>ZSD</COPY_TREE>
     <COPNODFRST>2B1F1079E8BC1EDE8EB1E98407CC30AD</COPNODFRST>
     <COPTREFRST>ZSD</COPTREFRST>
    </HIER_IFACE>
    <HIER_IFACE>
     <NODE_ID>2B1F1079E8BC1EDE93BB8C34616713BE</NODE_ID>
     <NODE_TYPE>NULL</NODE_TYPE>
     <NODE_LEVEL>03</NODE_LEVEL>
     <PARENT_ID>2B1F1079E8BC1EDE93BB8C346166B3BE</PARENT_ID>
     <BROTHER_ID>2B1F1079E8BC1EDE93BB8C346166F3BE</BROTHER_ID>
     <TREE_ID>ZINVSD</TREE_ID>
     <COPY_NODE>2B1F1079E8BC1EDE8EB1E98407CC50AD</COPY_NODE>
     <COPY_TREE>ZSD</COPY_TREE>
     <COPNODFRST>2B1F1079E8BC1EDE8EB1E98407CC50AD</COPNODFRST>
     <COPTREFRST>ZSD</COPTREFRST>
    </HIER_IFACE>
    <HIER_IFACE>
     <NODE_ID>2B1F1079E8BC1EDE93BB8C34616733BE</NODE_ID>
     <NODE_TYPE>NULL</NODE_TYPE>
     <NODE_LEVEL>02</NODE_LEVEL>
     <PARENT_ID>ZINVSD_T</PARENT_ID>
     <BROTHER_ID>2B1F1079E8BC1EDE93BB8C346166B3BE</BROTHER_ID>
     <TREE_ID>ZINVSD</TREE_ID>
     <FORCE_PLUS>X</FORCE_PLUS>
     <COPY_NODE>2B1F1079E8BC1EDE8EB1EE03693E90C5</COPY_NODE>
     <COPY_TREE>ZSD</COPY_TREE>
     <COPNODFRST>2B1F1079E8BC1EDE8EB1EE03693E90C5</COPNODFRST>
     <COPTREFRST>ZSD</COPTREFRST>
    </HIER_IFACE>
    <HIER_IFACE>
     <NODE_ID>2B1F1079E8BC1EDE93BB8C34616753BE</NODE_ID>
     <NODE_TYPE>NULL</NODE_TYPE>
     <NODE_LEVEL>03</NODE_LEVEL>
     <PARENT_ID>2B1F1079E8BC1EDE93BB8C34616733BE</PARENT_ID>
     <TREE_ID>ZINVSD</TREE_ID>
     <COPY_NODE>2B1F1079E8BC1EEE91BFE6CBF0A15EE8</COPY_NODE>
     <COPY_TREE>ZSD</COPY_TREE>
     <COPNODFRST>2B1F1079E8BC1EEE91BFE6CBF0A15EE8</COPNODFRST>
     <COPTREFRST>ZSD</COPTREFRST>
    </HIER_IFACE>
    <HIER_IFACE>
     <NODE_ID>2B1F1079E8BC1EDE93BB8C34616773BE</NODE_ID>
     <NODE_TYPE>NULL</NODE_TYPE>
     <NODE_LEVEL>03</NODE_LEVEL>
     <PARENT_ID>2B1F1079E8BC1EDE93BB8C34616733BE</PARENT_ID>
     <BROTHER_ID>2B1F1079E8BC1EDE93BB8C34616753BE</BROTHER_ID>
     <TREE_ID>ZINVSD</TREE_ID>
     <COPY_NODE>2B1F1079E8BC1EEE91BFE6CBF0A17EE8</COPY_NODE>
     <COPY_TREE>ZSD</COPY_TREE>
     <COPNODFRST>2B1F1079E8BC1EEE91BFE6CBF0A17EE8</COPNODFRST>
     <COPTREFRST>ZSD</COPTREFRST>
    </HIER_IFACE>
    <HIER_IFACE>
     <NODE_ID>2B1F1079E8BC1EDE93BB8C34616793BE</NODE_ID>
     <NODE_TYPE>NULL</NODE_TYPE>
     <NODE_LEVEL>02</NODE_LEVEL>
     <PARENT_ID>ZINVSD_T</PARENT_ID>
     <BROTHER_ID>2B1F1079E8BC1EDE93BB8C34616733BE</BROTHER_ID>
     <TREE_ID>ZINVSD</TREE_ID>
     <COPY_NODE>2B1F1079E8BC1EDE8EB1B68037DF2F5C</COPY_NODE>
     <COPY_TREE>ZSD</COPY_TREE>
     <COPNODFRST>2B1F1079E8BC1EDE8EB1B68037DF2F5C</COPNODFRST>
     <COPTREFRST>ZSD</COPTREFRST>
    </HIER_IFACE>
    <HIER_IFACE>
     <NODE_ID>5F47580F60881EEEA397CCED84809F73</NODE_ID>
     <NODE_TYPE>NULL</NODE_TYPE>
     <NODE_LEVEL>02</NODE_LEVEL>
     <PARENT_ID>ZINVSD_T</PARENT_ID>
     <BROTHER_ID>2B1F1079E8BC1EDE93BB8C34616793BE</BROTHER_ID>
     <TREE_ID>ZINVSD</TREE_ID>
     <FORCE_PLUS>X</FORCE_PLUS>
    </HIER_IFACE>
    <HIER_IFACE>
     <NODE_ID>5F47580F60881EEEA39F1202E2F15F73</NODE_ID>
     <NODE_TYPE>NULL</NODE_TYPE>
     <NODE_LEVEL>03</NODE_LEVEL>
     <PARENT_ID>5F47580F60881EEEA397CCED84809F73</PARENT_ID>
     <TREE_ID>ZINVSD</TREE_ID>
     <FORCE_PLUS>X</FORCE_PLUS>
    </HIER_IFACE>
    <HIER_IFACE>
     <NODE_ID>5F47580F60881EEEA39F130D179E9F73</NODE_ID>
     <NODE_TYPE>TCOD</NODE_TYPE>
     <NODE_LEVEL>04</NODE_LEVEL>
     <PARENT_ID>5F47580F60881EEEA39F1202E2F15F73</PARENT_ID>
     <TREE_ID>ZINVSD</TREE_ID>
    </HIER_IFACE>
    <HIER_IFACE>
     <NODE_ID>A39F3BB8B8B91EEEA6B1FD251641DF7B</NODE_ID>
     <NODE_TYPE>TCOD</NODE_TYPE>
     <NODE_LEVEL>04</NODE_LEVEL>
     <PARENT_ID>5F47580F60881EEEA39F1202E2F15F73</PARENT_ID>
     <BROTHER_ID>5F47580F60881EEEA39F130D179E9F73</BROTHER_ID>
     <TREE_ID>ZINVSD</TREE_ID>
    </HIER_IFACE>
    <HIER_IFACE>
     <NODE_ID>5F47580F60881EEEA397D3F3F6B09F73</NODE_ID>
     <NODE_TYPE>NULL</NODE_TYPE>
     <NODE_LEVEL>03</NODE_LEVEL>
     <PARENT_ID>5F47580F60881EEEA397CCED84809F73</PARENT_ID>
     <BROTHER_ID>5F47580F60881EEEA39F1202E2F15F73</BROTHER_ID>
     <TREE_ID>ZINVSD</TREE_ID>
     <FORCE_PLUS>X</FORCE_PLUS>
    </HIER_IFACE>
    <HIER_IFACE>
     <NODE_ID>5F47580F60881EEEA397D4D633071F73</NODE_ID>
     <NODE_TYPE>TCOD</NODE_TYPE>
     <NODE_LEVEL>04</NODE_LEVEL>
     <PARENT_ID>5F47580F60881EEEA397D3F3F6B09F73</PARENT_ID>
     <TREE_ID>ZINVSD</TREE_ID>
    </HIER_IFACE>
    <HIER_IFACE>
     <NODE_ID>5F47580F60881EEEA397D3F3F6B0BF73</NODE_ID>
     <NODE_TYPE>NULL</NODE_TYPE>
     <NODE_LEVEL>03</NODE_LEVEL>
     <PARENT_ID>5F47580F60881EEEA397CCED84809F73</PARENT_ID>
     <BROTHER_ID>5F47580F60881EEEA397D3F3F6B09F73</BROTHER_ID>
     <TREE_ID>ZINVSD</TREE_ID>
     <FORCE_PLUS>X</FORCE_PLUS>
    </HIER_IFACE>
    <HIER_IFACE>
     <NODE_ID>A39F3BB8B8B91EEEA6CA3724B6E21F7B</NODE_ID>
     <NODE_TYPE>TCOD</NODE_TYPE>
     <NODE_LEVEL>04</NODE_LEVEL>
     <PARENT_ID>5F47580F60881EEEA397D3F3F6B0BF73</PARENT_ID>
     <TREE_ID>ZINVSD</TREE_ID>
    </HIER_IFACE>
    <HIER_IFACE>
     <NODE_ID>5F47580F60881EEEA3E8213DA0389F73</NODE_ID>
     <NODE_TYPE>TCOD</NODE_TYPE>
     <NODE_LEVEL>04</NODE_LEVEL>
     <PARENT_ID>5F47580F60881EEEA397D3F3F6B0BF73</PARENT_ID>
     <BROTHER_ID>A39F3BB8B8B91EEEA6CA3724B6E21F7B</BROTHER_ID>
     <TREE_ID>ZINVSD</TREE_ID>
    </HIER_IFACE>
    <HIER_IFACE>
     <NODE_ID>A39F3BB8B8B91EEEA9A2A6C76E1A5F7B</NODE_ID>
     <NODE_TYPE>NULL</NODE_TYPE>
     <NODE_LEVEL>03</NODE_LEVEL>
     <PARENT_ID>5F47580F60881EEEA397CCED84809F73</PARENT_ID>
     <BROTHER_ID>5F47580F60881EEEA397D3F3F6B0BF73</BROTHER_ID>
     <TREE_ID>ZINVSD</TREE_ID>
     <FORCE_PLUS>X</FORCE_PLUS>
    </HIER_IFACE>
    <HIER_IFACE>
     <NODE_ID>A39F3BB8B8B91EEEA9A2A7E336F5DF7B</NODE_ID>
     <NODE_TYPE>TCOD</NODE_TYPE>
     <NODE_LEVEL>04</NODE_LEVEL>
     <PARENT_ID>A39F3BB8B8B91EEEA9A2A6C76E1A5F7B</PARENT_ID>
     <TREE_ID>ZINVSD</TREE_ID>
    </HIER_IFACE>
   </TREE_NODES>
   <TREE_REFS>
    <HIER_REF>
     <NODE_ID>2B1F1079E8BC1EDE93BB8C34615D73BE</NODE_ID>
     <REF_TYPE>BMFR</REF_TYPE>
     <REF_OBJECT>HLA0009999</REF_OBJECT>
    </HIER_REF>
    <HIER_REF>
     <NODE_ID>2B1F1079E8BC1EDE93BB8C34615D93BE</NODE_ID>
     <REF_TYPE>BMFR</REF_TYPE>
     <REF_OBJECT>HLA0009999</REF_OBJECT>
    </HIER_REF>
    <HIER_REF>
     <NODE_ID>2B1F1079E8BC1EDE93BB8C34615DB3BE</NODE_ID>
     <REF_TYPE>BMFR</REF_TYPE>
     <REF_OBJECT>HLA0009999</REF_OBJECT>
    </HIER_REF>
    <HIER_REF>
     <NODE_ID>2B1F1079E8BC1EDE93BB8C34615DB3BE</NODE_ID>
     <REF_TYPE>TCOD</REF_TYPE>
     <REF_OBJECT>BUP1</REF_OBJECT>
    </HIER_REF>
    <HIER_REF>
     <NODE_ID>2B1F1079E8BC1EDE93BB8C34615DD3BE</NODE_ID>
     <REF_TYPE>BMFR</REF_TYPE>
     <REF_OBJECT>HLA0009999</REF_OBJECT>
    </HIER_REF>
    <HIER_REF>
     <NODE_ID>2B1F1079E8BC1EDE93BB8C34615DD3BE</NODE_ID>
     <REF_TYPE>TCOD</REF_TYPE>
     <REF_OBJECT>BUP2</REF_OBJECT>
    </HIER_REF>
    <HIER_REF>
     <NODE_ID>2B1F1079E8BC1EDE93BB8C34615DF3BE</NODE_ID>
     <REF_TYPE>BMFR</REF_TYPE>
     <REF_OBJECT>HLA0009999</REF_OBJECT>
    </HIER_REF>
    <HIER_REF>
     <NODE_ID>2B1F1079E8BC1EDE93BB8C34615DF3BE</NODE_ID>
     <REF_TYPE>TCOD</REF_TYPE>
     <REF_OBJECT>BUP3</REF_OBJECT>
    </HIER_REF>
    <HIER_REF>
     <NODE_ID>2B1F1079E8BC1EDE93BB8C34615E13BE</NODE_ID>
     <REF_TYPE>BMFR</REF_TYPE>
     <REF_OBJECT>HLA0009999</REF_OBJECT>
    </HIER_REF>
    <HIER_REF>
     <NODE_ID>2B1F1079E8BC1EDE93BB8C34615E13BE</NODE_ID>
     <REF_TYPE>TCOD</REF_TYPE>
     <REF_OBJECT>ZSDM0010</REF_OBJECT>
    </HIER_REF>
    <HIER_REF>
     <NODE_ID>2B1F1079E8BC1EDE93BB8C34615E33BE</NODE_ID>
     <REF_TYPE>BMFR</REF_TYPE>
     <REF_OBJECT>HLA0009999</REF_OBJECT>
    </HIER_REF>
    <HIER_REF>
     <NODE_ID>2B1F1079E8BC1EDE93BB8C34615E33BE</NODE_ID>
     <REF_TYPE>TCOD</REF_TYPE>
     <REF_OBJECT>ZSDM0011</REF_OBJECT>
    </HIER_REF>
    <HIER_REF>
     <NODE_ID>2B1F1079E8BC1EDE93BB8C34615E53BE</NODE_ID>
     <REF_TYPE>BMFR</REF_TYPE>
     <REF_OBJECT>HLA0009999</REF_OBJECT>
    </HIER_REF>
    <HIER_REF>
     <NODE_ID>2B1F1079E8BC1EDE93BB8C34615E73BE</NODE_ID>
     <REF_TYPE>BMFR</REF_TYPE>
     <REF_OBJECT>HLA0009999</REF_OBJECT>
    </HIER_REF>
    <HIER_REF>
     <NODE_ID>2B1F1079E8BC1EDE93BB8C34615E73BE</NODE_ID>
     <REF_TYPE>TCOD</REF_TYPE>
     <REF_OBJECT>UKM_BP</REF_OBJECT>
    </HIER_REF>
    <HIER_REF>
     <NODE_ID>2B1F1079E8BC1EDE93BB8C34615E93BE</NODE_ID>
     <REF_TYPE>BMFR</REF_TYPE>
     <REF_OBJECT>HLA0009999</REF_OBJECT>
    </HIER_REF>
    <HIER_REF>
     <NODE_ID>2B1F1079E8BC1EDE93BB8C34615E93BE</NODE_ID>
     <REF_TYPE>TCOD</REF_TYPE>
     <REF_OBJECT>UKM_BP_DISPLAY</REF_OBJECT>
    </HIER_REF>
    <HIER_REF>
     <NODE_ID>2B1F1079E8BC1EDE93BB8C34615EB3BE</NODE_ID>
     <REF_TYPE>BMFR</REF_TYPE>
     <REF_OBJECT>HLA0009999</REF_OBJECT>
    </HIER_REF>
    <HIER_REF>
     <NODE_ID>2B1F1079E8BC1EDE93BB8C34615EB3BE</NODE_ID>
     <REF_TYPE>TCOD</REF_TYPE>
     <REF_OBJECT>UKM_CHECK_SIMU</REF_OBJECT>
    </HIER_REF>
    <HIER_REF>
     <NODE_ID>2B1F1079E8BC1EDE93BB8C34615ED3BE</NODE_ID>
     <REF_TYPE>BMFR</REF_TYPE>
     <REF_OBJECT>HLA0009999</REF_OBJECT>
    </HIER_REF>
    <HIER_REF>
     <NODE_ID>2B1F1079E8BC1EDE93BB8C34615ED3BE</NODE_ID>
     <REF_TYPE>TCOD</REF_TYPE>
     <REF_OBJECT>UKM_COMMITMENTS</REF_OBJECT>
    </HIER_REF>
    <HIER_REF>
     <NODE_ID>2B1F1079E8BC1EDE93BB8C34615EF3BE</NODE_ID>
     <REF_TYPE>BMFR</REF_TYPE>
     <REF_OBJECT>HLA0009999</REF_OBJECT>
    </HIER_REF>
    <HIER_REF>
     <NODE_ID>2B1F1079E8BC1EDE93BB8C34615EF3BE</NODE_ID>
     <REF_TYPE>TCOD</REF_TYPE>
     <REF_OBJECT>UKM_LOGS_DISPLAY</REF_OBJECT>
    </HIER_REF>
    <HIER_REF>
     <NODE_ID>2B1F1079E8BC1EDE93BB8C34615F13BE</NODE_ID>
     <REF_TYPE>BMFR</REF_TYPE>
     <REF_OBJECT>HLA0009999</REF_OBJECT>
    </HIER_REF>
    <HIER_REF>
     <NODE_ID>2B1F1079E8BC1EDE93BB8C34615F33BE</NODE_ID>
     <REF_TYPE>BMFR</REF_TYPE>
     <REF_OBJECT>HLA0009999</REF_OBJECT>
    </HIER_REF>
    <HIER_REF>
     <NODE_ID>2B1F1079E8BC1EDE93BB8C34615F33BE</NODE_ID>
     <REF_TYPE>TCOD</REF_TYPE>
     <REF_OBJECT>MM01</REF_OBJECT>
    </HIER_REF>
    <HIER_REF>
     <NODE_ID>2B1F1079E8BC1EDE93BB8C34615F53BE</NODE_ID>
     <REF_TYPE>BMFR</REF_TYPE>
     <REF_OBJECT>HLA0009999</REF_OBJECT>
    </HIER_REF>
    <HIER_REF>
     <NODE_ID>2B1F1079E8BC1EDE93BB8C34615F53BE</NODE_ID>
     <REF_TYPE>TCOD</REF_TYPE>
     <REF_OBJECT>MM02</REF_OBJECT>
    </HIER_REF>
    <HIER_REF>
     <NODE_ID>2B1F1079E8BC1EDE93BB8C34615F73BE</NODE_ID>
     <REF_TYPE>BMFR</REF_TYPE>
     <REF_OBJECT>HLA0009999</REF_OBJECT>
    </HIER_REF>
    <HIER_REF>
     <NODE_ID>2B1F1079E8BC1EDE93BB8C34615F73BE</NODE_ID>
     <REF_TYPE>TCOD</REF_TYPE>
     <REF_OBJECT>MM03</REF_OBJECT>
    </HIER_REF>
    <HIER_REF>
     <NODE_ID>2B1F1079E8BC1EDE93BB8C34615F93BE</NODE_ID>
     <REF_TYPE>BMFR</REF_TYPE>
     <REF_OBJECT>HLA0009999</REF_OBJECT>
    </HIER_REF>
    <HIER_REF>
     <NODE_ID>2B1F1079E8BC1EDE93BB8C34615FB3BE</NODE_ID>
     <REF_TYPE>BMFR</REF_TYPE>
     <REF_OBJECT>HLA0009999</REF_OBJECT>
    </HIER_REF>
    <HIER_REF>
     <NODE_ID>2B1F1079E8BC1EDE93BB8C34615FB3BE</NODE_ID>
     <REF_TYPE>TCOD</REF_TYPE>
     <REF_OBJECT>VB01</REF_OBJECT>
    </HIER_REF>
    <HIER_REF>
     <NODE_ID>2B1F1079E8BC1EDE93BB8C34615FD3BE</NODE_ID>
     <REF_TYPE>BMFR</REF_TYPE>
     <REF_OBJECT>HLA0009999</REF_OBJECT>
    </HIER_REF>
    <HIER_REF>
     <NODE_ID>2B1F1079E8BC1EDE93BB8C34615FD3BE</NODE_ID>
     <REF_TYPE>TCOD</REF_TYPE>
     <REF_OBJECT>VB02</REF_OBJECT>
    </HIER_REF>
    <HIER_REF>
     <NODE_ID>2B1F1079E8BC1EDE93BB8C34615FF3BE</NODE_ID>
     <REF_TYPE>BMFR</REF_TYPE>
     <REF_OBJECT>HLA0009999</REF_OBJECT>
    </HIER_REF>
    <HIER_REF>
     <NODE_ID>2B1F1079E8BC1EDE93BB8C34615FF3BE</NODE_ID>
     <REF_TYPE>TCOD</REF_TYPE>
     <REF_OBJECT>VB03</REF_OBJECT>
    </HIER_REF>
    <HIER_REF>
     <NODE_ID>2B1F1079E8BC1EDE93BB8C34616013BE</NODE_ID>
     <REF_TYPE>BMFR</REF_TYPE>
     <REF_OBJECT>HLA0009999</REF_OBJECT>
    </HIER_REF>
    <HIER_REF>
     <NODE_ID>2B1F1079E8BC1EDE93BB8C34616033BE</NODE_ID>
     <REF_TYPE>BMFR</REF_TYPE>
     <REF_OBJECT>HLA0009999</REF_OBJECT>
    </HIER_REF>
    <HIER_REF>
     <NODE_ID>2B1F1079E8BC1EDE93BB8C34616033BE</NODE_ID>
     <REF_TYPE>TCOD</REF_TYPE>
     <REF_OBJECT>VK11</REF_OBJECT>
    </HIER_REF>
    <HIER_REF>
     <NODE_ID>2B1F1079E8BC1EDE93BB8C34616053BE</NODE_ID>
     <REF_TYPE>BMFR</REF_TYPE>
     <REF_OBJECT>HLA0009999</REF_OBJECT>
    </HIER_REF>
    <HIER_REF>
     <NODE_ID>2B1F1079E8BC1EDE93BB8C34616053BE</NODE_ID>
     <REF_TYPE>TCOD</REF_TYPE>
     <REF_OBJECT>VK12</REF_OBJECT>
    </HIER_REF>
    <HIER_REF>
     <NODE_ID>2B1F1079E8BC1EDE93BB8C34616073BE</NODE_ID>
     <REF_TYPE>BMFR</REF_TYPE>
     <REF_OBJECT>HLA0009999</REF_OBJECT>
    </HIER_REF>
    <HIER_REF>
     <NODE_ID>2B1F1079E8BC1EDE93BB8C34616073BE</NODE_ID>
     <REF_TYPE>TCOD</REF_TYPE>
     <REF_OBJECT>VK13</REF_OBJECT>
    </HIER_REF>
    <HIER_REF>
     <NODE_ID>2B1F1079E8BC1EDE93BB8C346160B3BE</NODE_ID>
     <REF_TYPE>BMFR</REF_TYPE>
     <REF_OBJECT>HLA0009999</REF_OBJECT>
    </HIER_REF>
    <HIER_REF>
     <NODE_ID>2B1F1079E8BC1EDE93BB8C346160D3BE</NODE_ID>
     <REF_TYPE>BMFR</REF_TYPE>
     <REF_OBJECT>HLA0009999</REF_OBJECT>
    </HIER_REF>
    <HIER_REF>
     <NODE_ID>2B1F1079E8BC1EDE93BB8C346160F3BE</NODE_ID>
     <REF_TYPE>BMFR</REF_TYPE>
     <REF_OBJECT>HLA0009999</REF_OBJECT>
    </HIER_REF>
    <HIER_REF>
     <NODE_ID>2B1F1079E8BC1EDE93BB8C34616113BE</NODE_ID>
     <REF_TYPE>BMFR</REF_TYPE>
     <REF_OBJECT>HLA0009999</REF_OBJECT>
    </HIER_REF>
    <HIER_REF>
     <NODE_ID>2B1F1079E8BC1EDE93BB8C34616113BE</NODE_ID>
     <REF_TYPE>TCOD</REF_TYPE>
     <REF_OBJECT>VA21</REF_OBJECT>
    </HIER_REF>
    <HIER_REF>
     <NODE_ID>2B1F1079E8BC1EDE93BB8C34616133BE</NODE_ID>
     <REF_TYPE>BMFR</REF_TYPE>
     <REF_OBJECT>HLA0009999</REF_OBJECT>
    </HIER_REF>
    <HIER_REF>
     <NODE_ID>2B1F1079E8BC1EDE93BB8C34616133BE</NODE_ID>
     <REF_TYPE>TCOD</REF_TYPE>
     <REF_OBJECT>VA22</REF_OBJECT>
    </HIER_REF>
    <HIER_REF>
     <NODE_ID>2B1F1079E8BC1EDE93BB8C34616153BE</NODE_ID>
     <REF_TYPE>BMFR</REF_TYPE>
     <REF_OBJECT>HLA0009999</REF_OBJECT>
    </HIER_REF>
    <HIER_REF>
     <NODE_ID>2B1F1079E8BC1EDE93BB8C34616153BE</NODE_ID>
     <REF_TYPE>TCOD</REF_TYPE>
     <REF_OBJECT>VA23</REF_OBJECT>
    </HIER_REF>
    <HIER_REF>
     <NODE_ID>2B1F1079E8BC1EDE93BB8C34616173BE</NODE_ID>
     <REF_TYPE>BMFR</REF_TYPE>
     <REF_OBJECT>HLA0009999</REF_OBJECT>
    </HIER_REF>
    <HIER_REF>
     <NODE_ID>2B1F1079E8BC1EDE93BB8C34616173BE</NODE_ID>
     <REF_TYPE>TCOD</REF_TYPE>
     <REF_OBJECT>VA25</REF_OBJECT>
    </HIER_REF>
    <HIER_REF>
     <NODE_ID>2B1F1079E8BC1EDE93BB8C34616193BE</NODE_ID>
     <REF_TYPE>BMFR</REF_TYPE>
     <REF_OBJECT>HLA0009999</REF_OBJECT>
    </HIER_REF>
    <HIER_REF>
     <NODE_ID>2B1F1079E8BC1EDE93BB8C346161B3BE</NODE_ID>
     <REF_TYPE>BMFR</REF_TYPE>
     <REF_OBJECT>HLA0009999</REF_OBJECT>
    </HIER_REF>
    <HIER_REF>
     <NODE_ID>2B1F1079E8BC1EDE93BB8C346161B3BE</NODE_ID>
     <REF_TYPE>TCOD</REF_TYPE>
     <REF_OBJECT>VA41</REF_OBJECT>
    </HIER_REF>
    <HIER_REF>
     <NODE_ID>2B1F1079E8BC1EDE93BB8C346161D3BE</NODE_ID>
     <REF_TYPE>BMFR</REF_TYPE>
     <REF_OBJECT>HLA0009999</REF_OBJECT>
    </HIER_REF>
    <HIER_REF>
     <NODE_ID>2B1F1079E8BC1EDE93BB8C346161D3BE</NODE_ID>
     <REF_TYPE>TCOD</REF_TYPE>
     <REF_OBJECT>VA42</REF_OBJECT>
    </HIER_REF>
    <HIER_REF>
     <NODE_ID>2B1F1079E8BC1EDE93BB8C346161F3BE</NODE_ID>
     <REF_TYPE>BMFR</REF_TYPE>
     <REF_OBJECT>HLA0009999</REF_OBJECT>
    </HIER_REF>
    <HIER_REF>
     <NODE_ID>2B1F1079E8BC1EDE93BB8C346161F3BE</NODE_ID>
     <REF_TYPE>TCOD</REF_TYPE>
     <REF_OBJECT>VA43</REF_OBJECT>
    </HIER_REF>
    <HIER_REF>
     <NODE_ID>2B1F1079E8BC1EDE93BB8C34616213BE</NODE_ID>
     <REF_TYPE>BMFR</REF_TYPE>
     <REF_OBJECT>HLA0009999</REF_OBJECT>
    </HIER_REF>
    <HIER_REF>
     <NODE_ID>2B1F1079E8BC1EDE93BB8C34616213BE</NODE_ID>
     <REF_TYPE>TCOD</REF_TYPE>
     <REF_OBJECT>VA45</REF_OBJECT>
    </HIER_REF>
    <HIER_REF>
     <NODE_ID>2B1F1079E8BC1EDE93BB8C34616233BE</NODE_ID>
     <REF_TYPE>BMFR</REF_TYPE>
     <REF_OBJECT>HLA0009999</REF_OBJECT>
    </HIER_REF>
    <HIER_REF>
     <NODE_ID>2B1F1079E8BC1EDE93BB8C34616253BE</NODE_ID>
     <REF_TYPE>BMFR</REF_TYPE>
     <REF_OBJECT>HLA0009999</REF_OBJECT>
    </HIER_REF>
    <HIER_REF>
     <NODE_ID>2B1F1079E8BC1EDE93BB8C34616273BE</NODE_ID>
     <REF_TYPE>BMFR</REF_TYPE>
     <REF_OBJECT>HLA0009999</REF_OBJECT>
    </HIER_REF>
    <HIER_REF>
     <NODE_ID>2B1F1079E8BC1EDE93BB8C34616273BE</NODE_ID>
     <REF_TYPE>TCOD</REF_TYPE>
     <REF_OBJECT>VA01</REF_OBJECT>
    </HIER_REF>
    <HIER_REF>
     <NODE_ID>2B1F1079E8BC1EDE93BB8C34616293BE</NODE_ID>
     <REF_TYPE>BMFR</REF_TYPE>
     <REF_OBJECT>HLA0009999</REF_OBJECT>
    </HIER_REF>
    <HIER_REF>
     <NODE_ID>2B1F1079E8BC1EDE93BB8C34616293BE</NODE_ID>
     <REF_TYPE>TCOD</REF_TYPE>
     <REF_OBJECT>VA02</REF_OBJECT>
    </HIER_REF>
    <HIER_REF>
     <NODE_ID>2B1F1079E8BC1EDE93BB8C346162B3BE</NODE_ID>
     <REF_TYPE>BMFR</REF_TYPE>
     <REF_OBJECT>HLA0009999</REF_OBJECT>
    </HIER_REF>
    <HIER_REF>
     <NODE_ID>2B1F1079E8BC1EDE93BB8C346162B3BE</NODE_ID>
     <REF_TYPE>TCOD</REF_TYPE>
     <REF_OBJECT>VA03</REF_OBJECT>
    </HIER_REF>
    <HIER_REF>
     <NODE_ID>2B1F1079E8BC1EDE93BB8C346162D3BE</NODE_ID>
     <REF_TYPE>BMFR</REF_TYPE>
     <REF_OBJECT>HLA0009999</REF_OBJECT>
    </HIER_REF>
    <HIER_REF>
     <NODE_ID>2B1F1079E8BC1EDE93BB8C346162D3BE</NODE_ID>
     <REF_TYPE>TCOD</REF_TYPE>
     <REF_OBJECT>VA05</REF_OBJECT>
    </HIER_REF>
    <HIER_REF>
     <NODE_ID>2B1F1079E8BC1EDE93BB8C346162F3BE</NODE_ID>
     <REF_TYPE>BMFR</REF_TYPE>
     <REF_OBJECT>HLA0009999</REF_OBJECT>
    </HIER_REF>
    <HIER_REF>
     <NODE_ID>2B1F1079E8BC1EDE93BB8C346162F3BE</NODE_ID>
     <REF_TYPE>TCOD</REF_TYPE>
     <REF_OBJECT>ZSDR0010</REF_OBJECT>
    </HIER_REF>
    <HIER_REF>
     <NODE_ID>2B1F1079E8BC1EDE93BB8C34616313BE</NODE_ID>
     <REF_TYPE>BMFR</REF_TYPE>
     <REF_OBJECT>HLA0009999</REF_OBJECT>
    </HIER_REF>
    <HIER_REF>
     <NODE_ID>2B1F1079E8BC1EDE93BB8C34616333BE</NODE_ID>
     <REF_TYPE>BMFR</REF_TYPE>
     <REF_OBJECT>HLA0009999</REF_OBJECT>
    </HIER_REF>
    <HIER_REF>
     <NODE_ID>2B1F1079E8BC1EDE93BB8C34616333BE</NODE_ID>
     <REF_TYPE>TCOD</REF_TYPE>
     <REF_OBJECT>V.26</REF_OBJECT>
    </HIER_REF>
    <HIER_REF>
     <NODE_ID>2B1F1079E8BC1EDE93BB8C34616353BE</NODE_ID>
     <REF_TYPE>BMFR</REF_TYPE>
     <REF_OBJECT>HLA0009999</REF_OBJECT>
    </HIER_REF>
    <HIER_REF>
     <NODE_ID>2B1F1079E8BC1EDE93BB8C34616373BE</NODE_ID>
     <REF_TYPE>BMFR</REF_TYPE>
     <REF_OBJECT>HLA0009999</REF_OBJECT>
    </HIER_REF>
    <HIER_REF>
     <NODE_ID>2B1F1079E8BC1EDE93BB8C34616373BE</NODE_ID>
     <REF_TYPE>TCOD</REF_TYPE>
     <REF_OBJECT>V_RA</REF_OBJECT>
    </HIER_REF>
    <HIER_REF>
     <NODE_ID>2B1F1079E8BC1EDE93BB8C34616393BE</NODE_ID>
     <REF_TYPE>BMFR</REF_TYPE>
     <REF_OBJECT>HLA0009999</REF_OBJECT>
    </HIER_REF>
    <HIER_REF>
     <NODE_ID>2B1F1079E8BC1EDE93BB8C34616393BE</NODE_ID>
     <REF_TYPE>TCOD</REF_TYPE>
     <REF_OBJECT>CO06</REF_OBJECT>
    </HIER_REF>
    <HIER_REF>
     <NODE_ID>2B1F1079E8BC1EDE93BB8C346163B3BE</NODE_ID>
     <REF_TYPE>BMFR</REF_TYPE>
     <REF_OBJECT>HLA0009999</REF_OBJECT>
    </HIER_REF>
    <HIER_REF>
     <NODE_ID>2B1F1079E8BC1EDE93BB8C346163B3BE</NODE_ID>
     <REF_TYPE>TCOD</REF_TYPE>
     <REF_OBJECT>V.15</REF_OBJECT>
    </HIER_REF>
    <HIER_REF>
     <NODE_ID>2B1F1079E8BC1EDE93BB8C346163D3BE</NODE_ID>
     <REF_TYPE>BMFR</REF_TYPE>
     <REF_OBJECT>HLA0009999</REF_OBJECT>
    </HIER_REF>
    <HIER_REF>
     <NODE_ID>2B1F1079E8BC1EDE93BB8C346163F3BE</NODE_ID>
     <REF_TYPE>BMFR</REF_TYPE>
     <REF_OBJECT>HLA0009999</REF_OBJECT>
    </HIER_REF>
    <HIER_REF>
     <NODE_ID>2B1F1079E8BC1EDE93BB8C34616413BE</NODE_ID>
     <REF_TYPE>BMFR</REF_TYPE>
     <REF_OBJECT>HLA0009999</REF_OBJECT>
    </HIER_REF>
    <HIER_REF>
     <NODE_ID>2B1F1079E8BC1EDE93BB8C34616413BE</NODE_ID>
     <REF_TYPE>TCOD</REF_TYPE>
     <REF_OBJECT>VL01N</REF_OBJECT>
    </HIER_REF>
    <HIER_REF>
     <NODE_ID>2B1F1079E8BC1EDE93BB8C34616433BE</NODE_ID>
     <REF_TYPE>BMFR</REF_TYPE>
     <REF_OBJECT>HLA0009999</REF_OBJECT>
    </HIER_REF>
    <HIER_REF>
     <NODE_ID>2B1F1079E8BC1EDE93BB8C34616433BE</NODE_ID>
     <REF_TYPE>TCOD</REF_TYPE>
     <REF_OBJECT>VL10G</REF_OBJECT>
    </HIER_REF>
    <HIER_REF>
     <NODE_ID>2B1F1079E8BC1EDE93BB8C34616453BE</NODE_ID>
     <REF_TYPE>BMFR</REF_TYPE>
     <REF_OBJECT>HLA0009999</REF_OBJECT>
    </HIER_REF>
    <HIER_REF>
     <NODE_ID>2B1F1079E8BC1EDE93BB8C34616453BE</NODE_ID>
     <REF_TYPE>TCOD</REF_TYPE>
     <REF_OBJECT>VL03N</REF_OBJECT>
    </HIER_REF>
    <HIER_REF>
     <NODE_ID>2B1F1079E8BC1EDE93BB8C34616473BE</NODE_ID>
     <REF_TYPE>BMFR</REF_TYPE>
     <REF_OBJECT>HLA0009999</REF_OBJECT>
    </HIER_REF>
    <HIER_REF>
     <NODE_ID>2B1F1079E8BC1EDE93BB8C34616493BE</NODE_ID>
     <REF_TYPE>BMFR</REF_TYPE>
     <REF_OBJECT>HLA0009999</REF_OBJECT>
    </HIER_REF>
    <HIER_REF>
     <NODE_ID>2B1F1079E8BC1EDE93BB8C34616493BE</NODE_ID>
     <REF_TYPE>TCOD</REF_TYPE>
     <REF_OBJECT>VL02N</REF_OBJECT>
    </HIER_REF>
    <HIER_REF>
     <NODE_ID>2B1F1079E8BC1EDE93BB8C346164B3BE</NODE_ID>
     <REF_TYPE>BMFR</REF_TYPE>
     <REF_OBJECT>HLA0009999</REF_OBJECT>
    </HIER_REF>
    <HIER_REF>
     <NODE_ID>2B1F1079E8BC1EDE93BB8C346164B3BE</NODE_ID>
     <REF_TYPE>TCOD</REF_TYPE>
     <REF_OBJECT>VL06G</REF_OBJECT>
    </HIER_REF>
    <HIER_REF>
     <NODE_ID>2B1F1079E8BC1EDE93BB8C346164D3BE</NODE_ID>
     <REF_TYPE>BMFR</REF_TYPE>
     <REF_OBJECT>HLA0009999</REF_OBJECT>
    </HIER_REF>
    <HIER_REF>
     <NODE_ID>2B1F1079E8BC1EDE93BB8C346164D3BE</NODE_ID>
     <REF_TYPE>TCOD</REF_TYPE>
     <REF_OBJECT>VL09</REF_OBJECT>
    </HIER_REF>
    <HIER_REF>
     <NODE_ID>2B1F1079E8BC1EDE93BB8C346164F3BE</NODE_ID>
     <REF_TYPE>BMFR</REF_TYPE>
     <REF_OBJECT>HLA0009999</REF_OBJECT>
    </HIER_REF>
    <HIER_REF>
     <NODE_ID>2B1F1079E8BC1EDE93BB8C34616513BE</NODE_ID>
     <REF_TYPE>BMFR</REF_TYPE>
     <REF_OBJECT>HLA0009999</REF_OBJECT>
    </HIER_REF>
    <HIER_REF>
     <NODE_ID>2B1F1079E8BC1EDE93BB8C34616513BE</NODE_ID>
     <REF_TYPE>TCOD</REF_TYPE>
     <REF_OBJECT>VLPOD</REF_OBJECT>
    </HIER_REF>
    <HIER_REF>
     <NODE_ID>2B1F1079E8BC1EDE93BB8C34616533BE</NODE_ID>
     <REF_TYPE>BMFR</REF_TYPE>
     <REF_OBJECT>HLA0009999</REF_OBJECT>
    </HIER_REF>
    <HIER_REF>
     <NODE_ID>2B1F1079E8BC1EDE93BB8C34616533BE</NODE_ID>
     <REF_TYPE>TCOD</REF_TYPE>
     <REF_OBJECT>VLPODL</REF_OBJECT>
    </HIER_REF>
    <HIER_REF>
     <NODE_ID>2B1F1079E8BC1EDE93BB8C34616553BE</NODE_ID>
     <REF_TYPE>BMFR</REF_TYPE>
     <REF_OBJECT>HLA0009999</REF_OBJECT>
    </HIER_REF>
    <HIER_REF>
     <NODE_ID>2B1F1079E8BC1EDE93BB8C34616553BE</NODE_ID>
     <REF_TYPE>TCOD</REF_TYPE>
     <REF_OBJECT>VLPODF</REF_OBJECT>
    </HIER_REF>
    <HIER_REF>
     <NODE_ID>2B1F1079E8BC1EDE93BB8C34616573BE</NODE_ID>
     <REF_TYPE>BMFR</REF_TYPE>
     <REF_OBJECT>HLA0009999</REF_OBJECT>
    </HIER_REF>
    <HIER_REF>
     <NODE_ID>2B1F1079E8BC1EDE93BB8C34616593BE</NODE_ID>
     <REF_TYPE>BMFR</REF_TYPE>
     <REF_OBJECT>HLA0009999</REF_OBJECT>
    </HIER_REF>
    <HIER_REF>
     <NODE_ID>2B1F1079E8BC1EDE93BB8C346165B3BE</NODE_ID>
     <REF_TYPE>BMFR</REF_TYPE>
     <REF_OBJECT>HLA0009999</REF_OBJECT>
    </HIER_REF>
    <HIER_REF>
     <NODE_ID>2B1F1079E8BC1EDE93BB8C346165B3BE</NODE_ID>
     <REF_TYPE>TCOD</REF_TYPE>
     <REF_OBJECT>VF01</REF_OBJECT>
    </HIER_REF>
    <HIER_REF>
     <NODE_ID>2B1F1079E8BC1EDE93BB8C346165D3BE</NODE_ID>
     <REF_TYPE>BMFR</REF_TYPE>
     <REF_OBJECT>HLA0009999</REF_OBJECT>
    </HIER_REF>
    <HIER_REF>
     <NODE_ID>2B1F1079E8BC1EDE93BB8C346165D3BE</NODE_ID>
     <REF_TYPE>TCOD</REF_TYPE>
     <REF_OBJECT>VF02</REF_OBJECT>
    </HIER_REF>
    <HIER_REF>
     <NODE_ID>2B1F1079E8BC1EDE93BB8C346165F3BE</NODE_ID>
     <REF_TYPE>BMFR</REF_TYPE>
     <REF_OBJECT>HLA0009999</REF_OBJECT>
    </HIER_REF>
    <HIER_REF>
     <NODE_ID>2B1F1079E8BC1EDE93BB8C346165F3BE</NODE_ID>
     <REF_TYPE>TCOD</REF_TYPE>
     <REF_OBJECT>VF03</REF_OBJECT>
    </HIER_REF>
    <HIER_REF>
     <NODE_ID>2B1F1079E8BC1EDE93BB8C34616613BE</NODE_ID>
     <REF_TYPE>BMFR</REF_TYPE>
     <REF_OBJECT>HLA0009999</REF_OBJECT>
    </HIER_REF>
    <HIER_REF>
     <NODE_ID>2B1F1079E8BC1EDE93BB8C34616613BE</NODE_ID>
     <REF_TYPE>TCOD</REF_TYPE>
     <REF_OBJECT>VF05N</REF_OBJECT>
    </HIER_REF>
    <HIER_REF>
     <NODE_ID>2B1F1079E8BC1EDE93BB8C34616633BE</NODE_ID>
     <REF_TYPE>BMFR</REF_TYPE>
     <REF_OBJECT>HLA0009999</REF_OBJECT>
    </HIER_REF>
    <HIER_REF>
     <NODE_ID>2B1F1079E8BC1EDE93BB8C34616633BE</NODE_ID>
     <REF_TYPE>TCOD</REF_TYPE>
     <REF_OBJECT>VF04</REF_OBJECT>
    </HIER_REF>
    <HIER_REF>
     <NODE_ID>2B1F1079E8BC1EDE93BB8C34616653BE</NODE_ID>
     <REF_TYPE>BMFR</REF_TYPE>
     <REF_OBJECT>HLA0009999</REF_OBJECT>
    </HIER_REF>
    <HIER_REF>
     <NODE_ID>2B1F1079E8BC1EDE93BB8C34616653BE</NODE_ID>
     <REF_TYPE>TCOD</REF_TYPE>
     <REF_OBJECT>VFX3</REF_OBJECT>
    </HIER_REF>
    <HIER_REF>
     <NODE_ID>2B1F1079E8BC1EDE93BB8C34616673BE</NODE_ID>
     <REF_TYPE>BMFR</REF_TYPE>
     <REF_OBJECT>HLA0009999</REF_OBJECT>
    </HIER_REF>
    <HIER_REF>
     <NODE_ID>2B1F1079E8BC1EDE93BB8C34616693BE</NODE_ID>
     <REF_TYPE>BMFR</REF_TYPE>
     <REF_OBJECT>HLA0009999</REF_OBJECT>
    </HIER_REF>
    <HIER_REF>
     <NODE_ID>2B1F1079E8BC1EDE93BB8C34616693BE</NODE_ID>
     <REF_TYPE>TCOD</REF_TYPE>
     <REF_OBJECT>VF11</REF_OBJECT>
    </HIER_REF>
    <HIER_REF>
     <NODE_ID>2B1F1079E8BC1EDE93BB8C346166B3BE</NODE_ID>
     <REF_TYPE>BMFR</REF_TYPE>
     <REF_OBJECT>HLA0009999</REF_OBJECT>
    </HIER_REF>
    <HIER_REF>
     <NODE_ID>2B1F1079E8BC1EDE93BB8C346166D3BE</NODE_ID>
     <REF_TYPE>BMFR</REF_TYPE>
     <REF_OBJECT>HLA0009999</REF_OBJECT>
    </HIER_REF>
    <HIER_REF>
     <NODE_ID>2B1F1079E8BC1EDE93BB8C346166F3BE</NODE_ID>
     <REF_TYPE>BMFR</REF_TYPE>
     <REF_OBJECT>HLA0009999</REF_OBJECT>
    </HIER_REF>
    <HIER_REF>
     <NODE_ID>2B1F1079E8BC1EDE93BB8C34616713BE</NODE_ID>
     <REF_TYPE>BMFR</REF_TYPE>
     <REF_OBJECT>HLA0009999</REF_OBJECT>
    </HIER_REF>
    <HIER_REF>
     <NODE_ID>2B1F1079E8BC1EDE93BB8C34616733BE</NODE_ID>
     <REF_TYPE>BMFR</REF_TYPE>
     <REF_OBJECT>HLA0009999</REF_OBJECT>
    </HIER_REF>
    <HIER_REF>
     <NODE_ID>2B1F1079E8BC1EDE93BB8C34616753BE</NODE_ID>
     <REF_TYPE>BMFR</REF_TYPE>
     <REF_OBJECT>HLA0009999</REF_OBJECT>
    </HIER_REF>
    <HIER_REF>
     <NODE_ID>2B1F1079E8BC1EDE93BB8C34616773BE</NODE_ID>
     <REF_TYPE>BMFR</REF_TYPE>
     <REF_OBJECT>HLA0009999</REF_OBJECT>
    </HIER_REF>
    <HIER_REF>
     <NODE_ID>2B1F1079E8BC1EDE93BB8C34616793BE</NODE_ID>
     <REF_TYPE>BMFR</REF_TYPE>
     <REF_OBJECT>HLA0009999</REF_OBJECT>
    </HIER_REF>
    <HIER_REF>
     <NODE_ID>2B1F1079E8BC1EDE94A03E558943453B</NODE_ID>
     <REF_TYPE>BMFR</REF_TYPE>
     <REF_OBJECT>HLA0009999</REF_OBJECT>
    </HIER_REF>
    <HIER_REF>
     <NODE_ID>2B1F1079E8BC1EDE94A03E558943453B</NODE_ID>
     <REF_TYPE>TCOD</REF_TYPE>
     <REF_OBJECT>ZSDM0030</REF_OBJECT>
    </HIER_REF>
    <HIER_REF>
     <NODE_ID>2B1F1079E8BC1EDE94A12A375E1FCC10</NODE_ID>
     <REF_TYPE>BMFR</REF_TYPE>
     <REF_OBJECT>HLA0009999</REF_OBJECT>
    </HIER_REF>
    <HIER_REF>
     <NODE_ID>2B1F1079E8BC1EDE94A12A375E1FCC10</NODE_ID>
     <REF_TYPE>TCOD</REF_TYPE>
     <REF_OBJECT>ZSDSPRC1</REF_OBJECT>
    </HIER_REF>
    <HIER_REF>
     <NODE_ID>5F47580F60881EEEA397CCED84809F73</NODE_ID>
     <REF_TYPE>BMFR</REF_TYPE>
     <REF_OBJECT>HLA0009999</REF_OBJECT>
    </HIER_REF>
    <HIER_REF>
     <NODE_ID>5F47580F60881EEEA397D3F3F6B09F73</NODE_ID>
     <REF_TYPE>BMFR</REF_TYPE>
     <REF_OBJECT>HLA0009999</REF_OBJECT>
    </HIER_REF>
    <HIER_REF>
     <NODE_ID>5F47580F60881EEEA397D3F3F6B0BF73</NODE_ID>
     <REF_TYPE>BMFR</REF_TYPE>
     <REF_OBJECT>HLA0009999</REF_OBJECT>
    </HIER_REF>
    <HIER_REF>
     <NODE_ID>5F47580F60881EEEA397D4D633071F73</NODE_ID>
     <REF_TYPE>BMFR</REF_TYPE>
     <REF_OBJECT>HLA0009999</REF_OBJECT>
    </HIER_REF>
    <HIER_REF>
     <NODE_ID>5F47580F60881EEEA397D4D633071F73</NODE_ID>
     <REF_TYPE>TCOD</REF_TYPE>
     <REF_OBJECT>ZSDIF010</REF_OBJECT>
    </HIER_REF>
    <HIER_REF>
     <NODE_ID>5F47580F60881EEEA39F1202E2F15F73</NODE_ID>
     <REF_TYPE>BMFR</REF_TYPE>
     <REF_OBJECT>HLA0009999</REF_OBJECT>
    </HIER_REF>
    <HIER_REF>
     <NODE_ID>5F47580F60881EEEA39F130D179E9F73</NODE_ID>
     <REF_TYPE>BMFR</REF_TYPE>
     <REF_OBJECT>HLA0009999</REF_OBJECT>
    </HIER_REF>
    <HIER_REF>
     <NODE_ID>5F47580F60881EEEA39F130D179E9F73</NODE_ID>
     <REF_TYPE>TCOD</REF_TYPE>
     <REF_OBJECT>SXI_MONITOR</REF_OBJECT>
    </HIER_REF>
    <HIER_REF>
     <NODE_ID>5F47580F60881EEEA3E8213DA0389F73</NODE_ID>
     <REF_TYPE>BMFR</REF_TYPE>
     <REF_OBJECT>HLA0009999</REF_OBJECT>
    </HIER_REF>
    <HIER_REF>
     <NODE_ID>5F47580F60881EEEA3E8213DA0389F73</NODE_ID>
     <REF_TYPE>TCOD</REF_TYPE>
     <REF_OBJECT>ZSDIF030</REF_OBJECT>
    </HIER_REF>
    <HIER_REF>
     <NODE_ID>A39F3BB8B8B91EEEA6B1FD251641DF7B</NODE_ID>
     <REF_TYPE>BMFR</REF_TYPE>
     <REF_OBJECT>HLA0009999</REF_OBJECT>
    </HIER_REF>
    <HIER_REF>
     <NODE_ID>A39F3BB8B8B91EEEA6B1FD251641DF7B</NODE_ID>
     <REF_TYPE>TCOD</REF_TYPE>
     <REF_OBJECT>ZIFR0000</REF_OBJECT>
    </HIER_REF>
    <HIER_REF>
     <NODE_ID>A39F3BB8B8B91EEEA6CA3724B6E21F7B</NODE_ID>
     <REF_TYPE>BMFR</REF_TYPE>
     <REF_OBJECT>HLA0009999</REF_OBJECT>
    </HIER_REF>
    <HIER_REF>
     <NODE_ID>A39F3BB8B8B91EEEA6CA3724B6E21F7B</NODE_ID>
     <REF_TYPE>TCOD</REF_TYPE>
     <REF_OBJECT>ZSDIF020</REF_OBJECT>
    </HIER_REF>
    <HIER_REF>
     <NODE_ID>A39F3BB8B8B91EEEA9A2A6C76E1A5F7B</NODE_ID>
     <REF_TYPE>BMFR</REF_TYPE>
     <REF_OBJECT>HLA0009999</REF_OBJECT>
    </HIER_REF>
    <HIER_REF>
     <NODE_ID>A39F3BB8B8B91EEEA9A2A7E336F5DF7B</NODE_ID>
     <REF_TYPE>BMFR</REF_TYPE>
     <REF_OBJECT>HLA0009999</REF_OBJECT>
    </HIER_REF>
    <HIER_REF>
     <NODE_ID>A39F3BB8B8B91EEEA9A2A7E336F5DF7B</NODE_ID>
     <REF_TYPE>TCOD</REF_TYPE>
     <REF_OBJECT>ZIFVCONV</REF_OBJECT>
    </HIER_REF>
    <HIER_REF>
     <NODE_ID>A5B3F83BFE8D1EDE969C7627D394D116</NODE_ID>
     <REF_TYPE>BMFR</REF_TYPE>
     <REF_OBJECT>HLA0009999</REF_OBJECT>
    </HIER_REF>
    <HIER_REF>
     <NODE_ID>A5B3F83BFE8D1EDE969C7627D394D116</NODE_ID>
     <REF_TYPE>TCOD</REF_TYPE>
     <REF_OBJECT>ZMMM0040</REF_OBJECT>
    </HIER_REF>
    <HIER_REF>
     <NODE_ID>A5B3F83BFE8D1EDE969C7627D394F116</NODE_ID>
     <REF_TYPE>BMFR</REF_TYPE>
     <REF_OBJECT>HLA0009999</REF_OBJECT>
    </HIER_REF>
    <HIER_REF>
     <NODE_ID>A5B3F83BFE8D1EDE969C7627D394F116</NODE_ID>
     <REF_TYPE>TCOD</REF_TYPE>
     <REF_OBJECT>MM60</REF_OBJECT>
    </HIER_REF>
    <HIER_REF>
     <NODE_ID>A5B3F83BFE8D1EDE969C9CFA6D2611F7</NODE_ID>
     <REF_TYPE>BMFR</REF_TYPE>
     <REF_OBJECT>HLA0009999</REF_OBJECT>
    </HIER_REF>
    <HIER_REF>
     <NODE_ID>A5B3F83BFE8D1EDE969C9CFA6D2611F7</NODE_ID>
     <REF_TYPE>TCOD</REF_TYPE>
     <REF_OBJECT>ZSDR0040</REF_OBJECT>
    </HIER_REF>
    <HIER_REF>
     <NODE_ID>A5B3F83BFE8D1EDE96FFE628C788617F</NODE_ID>
     <REF_TYPE>BMFR</REF_TYPE>
     <REF_OBJECT>HLA0009999</REF_OBJECT>
    </HIER_REF>
    <HIER_REF>
     <NODE_ID>A5B3F83BFE8D1EDE96FFE801D6A8818A</NODE_ID>
     <REF_TYPE>BMFR</REF_TYPE>
     <REF_OBJECT>HLA0009999</REF_OBJECT>
    </HIER_REF>
    <HIER_REF>
     <NODE_ID>A5B3F83BFE8D1EDE96FFE801D6A8818A</NODE_ID>
     <REF_TYPE>TCOD</REF_TYPE>
     <REF_OBJECT>OB08</REF_OBJECT>
    </HIER_REF>
    <HIER_REF>
     <NODE_ID>A5B3F83BFE8D1EDE98FB3446604B84A9</NODE_ID>
     <REF_TYPE>BMFR</REF_TYPE>
     <REF_OBJECT>HLA0009999</REF_OBJECT>
    </HIER_REF>
    <HIER_REF>
     <NODE_ID>A5B3F83BFE8D1EDE98FB3446604B84A9</NODE_ID>
     <REF_TYPE>TCOD</REF_TYPE>
     <REF_OBJECT>V_V2</REF_OBJECT>
    </HIER_REF>
    <HIER_REF>
     <NODE_ID>A5B3F83BFE8D1EDE9B9288F10C20DEE0</NODE_ID>
     <REF_TYPE>BMFR</REF_TYPE>
     <REF_OBJECT>HLA0009999</REF_OBJECT>
    </HIER_REF>
    <HIER_REF>
     <NODE_ID>A5B3F83BFE8D1EDE9B9288F10C20DEE0</NODE_ID>
     <REF_TYPE>TCOD</REF_TYPE>
     <REF_OBJECT>VCUST</REF_OBJECT>
    </HIER_REF>
    <HIER_REF>
     <NODE_ID>A5B3F83BFE8D1EDE9BC81B01A1884FC8</NODE_ID>
     <REF_TYPE>BMFR</REF_TYPE>
     <REF_OBJECT>HLA0009999</REF_OBJECT>
    </HIER_REF>
    <HIER_REF>
     <NODE_ID>A5B3F83BFE8D1EDE9BC81B01A1884FC8</NODE_ID>
     <REF_TYPE>TCOD</REF_TYPE>
     <REF_OBJECT>VL06F</REF_OBJECT>
    </HIER_REF>
    <HIER_REF>
     <NODE_ID>A5B3F83BFE8D1EDE9CF3DBE8C24E056D</NODE_ID>
     <REF_TYPE>BMFR</REF_TYPE>
     <REF_OBJECT>HLA0009999</REF_OBJECT>
    </HIER_REF>
    <HIER_REF>
     <NODE_ID>A5B3F83BFE8D1EDE9CF3DBE8C24E056D</NODE_ID>
     <REF_TYPE>TCOD</REF_TYPE>
     <REF_OBJECT>ZSDR0060</REF_OBJECT>
    </HIER_REF>
    <HIER_REF>
     <NODE_ID>A5B3F83BFE8D1EEE95BF65E0DF044706</NODE_ID>
     <REF_TYPE>BMFR</REF_TYPE>
     <REF_OBJECT>HLA0009999</REF_OBJECT>
    </HIER_REF>
    <HIER_REF>
     <NODE_ID>A5B3F83BFE8D1EEE95BF65E0DF044706</NODE_ID>
     <REF_TYPE>TCOD</REF_TYPE>
     <REF_OBJECT>ZSDM0020</REF_OBJECT>
    </HIER_REF>
    <HIER_REF>
     <NODE_ID>A5B3F83BFE8D1EEE95BF6931276D471C</NODE_ID>
     <REF_TYPE>BMFR</REF_TYPE>
     <REF_OBJECT>HLA0009999</REF_OBJECT>
    </HIER_REF>
    <HIER_REF>
     <NODE_ID>A5B3F83BFE8D1EEE95BF6931276D471C</NODE_ID>
     <REF_TYPE>TCOD</REF_TYPE>
     <REF_OBJECT>ZSDR0030</REF_OBJECT>
    </HIER_REF>
    <HIER_REF>
     <NODE_ID>A5B3F83BFE8D1EEE95BF6D3FE20C8734</NODE_ID>
     <REF_TYPE>BMFR</REF_TYPE>
     <REF_OBJECT>HLA0009999</REF_OBJECT>
    </HIER_REF>
    <HIER_REF>
     <NODE_ID>A5B3F83BFE8D1EEE95BF6F0F6E79473D</NODE_ID>
     <REF_TYPE>BMFR</REF_TYPE>
     <REF_OBJECT>HLA0009999</REF_OBJECT>
    </HIER_REF>
    <HIER_REF>
     <NODE_ID>A5B3F83BFE8D1EEE95BF6F0F6E79473D</NODE_ID>
     <REF_TYPE>TCOD</REF_TYPE>
     <REF_OBJECT>ZSDR0020</REF_OBJECT>
    </HIER_REF>
    <HIER_REF>
     <NODE_ID>A5B3F83BFE8D1EEE96A0A6C6E86FEA44</NODE_ID>
     <REF_TYPE>BMFR</REF_TYPE>
     <REF_OBJECT>HLA0009999</REF_OBJECT>
    </HIER_REF>
    <HIER_REF>
     <NODE_ID>A5B3F83BFE8D1EEE96A0A6C6E86FEA44</NODE_ID>
     <REF_TYPE>TCOD</REF_TYPE>
     <REF_OBJECT>VKM1</REF_OBJECT>
    </HIER_REF>
    <HIER_REF>
     <NODE_ID>A5B3F83BFE8D1EEE98CC05CD2D8258DA</NODE_ID>
     <REF_TYPE>BMFR</REF_TYPE>
     <REF_OBJECT>HLA0009999</REF_OBJECT>
    </HIER_REF>
    <HIER_REF>
     <NODE_ID>A5B3F83BFE8D1EEE98CC099F9B1A18F4</NODE_ID>
     <REF_TYPE>BMFR</REF_TYPE>
     <REF_OBJECT>HLA0009999</REF_OBJECT>
    </HIER_REF>
    <HIER_REF>
     <NODE_ID>A5B3F83BFE8D1EEE98CC099F9B1A18F4</NODE_ID>
     <REF_TYPE>TCOD</REF_TYPE>
     <REF_OBJECT>MB52</REF_OBJECT>
    </HIER_REF>
    <HIER_REF>
     <NODE_ID>A5B3F83BFE8D1EEE9A80CB8053C58E3B</NODE_ID>
     <REF_TYPE>BMFR</REF_TYPE>
     <REF_OBJECT>HLA0009999</REF_OBJECT>
    </HIER_REF>
    <HIER_REF>
     <NODE_ID>A5B3F83BFE8D1EEE9A80CB8053C58E3B</NODE_ID>
     <REF_TYPE>TCOD</REF_TYPE>
     <REF_OBJECT>ZSDR0050</REF_OBJECT>
    </HIER_REF>
    <HIER_REF>
     <NODE_ID>A5B3F83BFE8D1EEE9AACF01F97B7272F</NODE_ID>
     <REF_TYPE>BMFR</REF_TYPE>
     <REF_OBJECT>HLA0009999</REF_OBJECT>
    </HIER_REF>
    <HIER_REF>
     <NODE_ID>A5B3F83BFE8D1EEE9AACF01F97B7272F</NODE_ID>
     <REF_TYPE>TCOD</REF_TYPE>
     <REF_OBJECT>VL71</REF_OBJECT>
    </HIER_REF>
    <HIER_REF>
     <NODE_ID>ZINVSD_T</NODE_ID>
     <REF_TYPE>BMFR</REF_TYPE>
     <REF_OBJECT>HLA0009999</REF_OBJECT>
    </HIER_REF>
   </TREE_REFS>
   <TREE_TEXTS>
    <HIER_TEXTS>
     <SPRAS>3</SPRAS>
     <NODE_ID>5F47580F60881EEEA397D3F3F6B09F73</NODE_ID>
     <TEXT>QMS</TEXT>
    </HIER_TEXTS>
    <HIER_TEXTS>
     <SPRAS>3</SPRAS>
     <NODE_ID>5F47580F60881EEEA397CCED84809F73</NODE_ID>
     <TEXT>Interface</TEXT>
    </HIER_TEXTS>
    <HIER_TEXTS>
     <SPRAS>3</SPRAS>
     <NODE_ID>2B1F1079E8BC1EDE94A12A375E1FCC10</NODE_ID>
     <TEXT>가격 리스트</TEXT>
    </HIER_TEXTS>
    <HIER_TEXTS>
     <SPRAS>3</SPRAS>
     <NODE_ID>2B1F1079E8BC1EDE94A03E558943453B</NODE_ID>
     <TEXT>가격마스터 등록</TEXT>
    </HIER_TEXTS>
    <HIER_TEXTS>
     <SPRAS>3</SPRAS>
     <NODE_ID>2B1F1079E8BC1EDE93BB8C34616793BE</NODE_ID>
     <TEXT>리포트</TEXT>
    </HIER_TEXTS>
    <HIER_TEXTS>
     <SPRAS>3</SPRAS>
     <NODE_ID>2B1F1079E8BC1EDE93BB8C34616773BE</NODE_ID>
     <TEXT>구매확인서</TEXT>
    </HIER_TEXTS>
    <HIER_TEXTS>
     <SPRAS>3</SPRAS>
     <NODE_ID>2B1F1079E8BC1EDE93BB8C34616753BE</NODE_ID>
     <TEXT>Local L/C</TEXT>
    </HIER_TEXTS>
    <HIER_TEXTS>
     <SPRAS>3</SPRAS>
     <NODE_ID>2B1F1079E8BC1EDE93BB8C34616733BE</NODE_ID>
     <TEXT>로칼수출</TEXT>
    </HIER_TEXTS>
    <HIER_TEXTS>
     <SPRAS>3</SPRAS>
     <NODE_ID>2B1F1079E8BC1EDE93BB8C34616713BE</NODE_ID>
     <TEXT>선적</TEXT>
    </HIER_TEXTS>
    <HIER_TEXTS>
     <SPRAS>3</SPRAS>
     <NODE_ID>2B1F1079E8BC1EDE93BB8C346166F3BE</NODE_ID>
     <TEXT>통관</TEXT>
    </HIER_TEXTS>
    <HIER_TEXTS>
     <SPRAS>3</SPRAS>
     <NODE_ID>2B1F1079E8BC1EDE93BB8C346166D3BE</NODE_ID>
     <TEXT>L/C</TEXT>
    </HIER_TEXTS>
    <HIER_TEXTS>
     <SPRAS>3</SPRAS>
     <NODE_ID>2B1F1079E8BC1EDE93BB8C346166B3BE</NODE_ID>
     <TEXT>수출</TEXT>
    </HIER_TEXTS>
    <HIER_TEXTS>
     <SPRAS>3</SPRAS>
     <NODE_ID>2B1F1079E8BC1EDE93BB8C34616693BE</NODE_ID>
     <TEXT>대금청구문서 취소</TEXT>
    </HIER_TEXTS>
    <HIER_TEXTS>
     <SPRAS>3</SPRAS>
     <NODE_ID>2B1F1079E8BC1EDE93BB8C34616673BE</NODE_ID>
     <TEXT>대금청구취소</TEXT>
    </HIER_TEXTS>
    <HIER_TEXTS>
     <SPRAS>3</SPRAS>
     <NODE_ID>2B1F1079E8BC1EDE93BB8C34616653BE</NODE_ID>
     <TEXT>보류된 대금청구문서</TEXT>
    </HIER_TEXTS>
    <HIER_TEXTS>
     <SPRAS>3</SPRAS>
     <NODE_ID>2B1F1079E8BC1EDE93BB8C34616633BE</NODE_ID>
     <TEXT>대금청구예정리스트</TEXT>
    </HIER_TEXTS>
    <HIER_TEXTS>
     <SPRAS>3</SPRAS>
     <NODE_ID>2B1F1079E8BC1EDE93BB8C34616613BE</NODE_ID>
     <TEXT>대금청구리스트</TEXT>
    </HIER_TEXTS>
    <HIER_TEXTS>
     <SPRAS>3</SPRAS>
     <NODE_ID>2B1F1079E8BC1EDE93BB8C346165F3BE</NODE_ID>
     <TEXT>대금청구문서 조회</TEXT>
    </HIER_TEXTS>
    <HIER_TEXTS>
     <SPRAS>3</SPRAS>
     <NODE_ID>2B1F1079E8BC1EDE93BB8C346165D3BE</NODE_ID>
     <TEXT>대금청구문서 변경</TEXT>
    </HIER_TEXTS>
    <HIER_TEXTS>
     <SPRAS>3</SPRAS>
     <NODE_ID>2B1F1079E8BC1EDE93BB8C346165B3BE</NODE_ID>
     <TEXT>대금청구문서 생성</TEXT>
    </HIER_TEXTS>
    <HIER_TEXTS>
     <SPRAS>3</SPRAS>
     <NODE_ID>2B1F1079E8BC1EDE93BB8C34616593BE</NODE_ID>
     <TEXT>대금청구</TEXT>
    </HIER_TEXTS>
    <HIER_TEXTS>
     <SPRAS>3</SPRAS>
     <NODE_ID>2B1F1079E8BC1EDE93BB8C34616573BE</NODE_ID>
     <TEXT>대금청구</TEXT>
    </HIER_TEXTS>
    <HIER_TEXTS>
     <SPRAS>3</SPRAS>
     <NODE_ID>2B1F1079E8BC1EDE93BB8C34616553BE</NODE_ID>
     <TEXT>POD 차후처리</TEXT>
    </HIER_TEXTS>
    <HIER_TEXTS>
     <SPRAS>3</SPRAS>
     <NODE_ID>2B1F1079E8BC1EDE93BB8C34616533BE</NODE_ID>
     <TEXT>POD 작업리스트</TEXT>
    </HIER_TEXTS>
    <HIER_TEXTS>
     <SPRAS>3</SPRAS>
     <NODE_ID>2B1F1079E8BC1EDE93BB8C34616513BE</NODE_ID>
     <TEXT>POD 처리</TEXT>
    </HIER_TEXTS>
    <HIER_TEXTS>
     <SPRAS>3</SPRAS>
     <NODE_ID>2B1F1079E8BC1EDE93BB8C346164F3BE</NODE_ID>
     <TEXT>선적/구매확인서</TEXT>
    </HIER_TEXTS>
    <HIER_TEXTS>
     <SPRAS>3</SPRAS>
     <NODE_ID>2B1F1079E8BC1EDE93BB8C346164D3BE</NODE_ID>
     <TEXT>출고취소</TEXT>
    </HIER_TEXTS>
    <HIER_TEXTS>
     <SPRAS>3</SPRAS>
     <NODE_ID>2B1F1079E8BC1EDE93BB8C346164B3BE</NODE_ID>
     <TEXT>출하 모니터를 통한 일괄 처리</TEXT>
    </HIER_TEXTS>
    <HIER_TEXTS>
     <SPRAS>3</SPRAS>
     <NODE_ID>ZINVSD_T</NODE_ID>
     <TEXT>[SD]영업관리</TEXT>
    </HIER_TEXTS>
    <HIER_TEXTS>
     <SPRAS>3</SPRAS>
     <NODE_ID>A5B3F83BFE8D1EEE9AACF01F97B7272F</NODE_ID>
     <TEXT>거래명세표 출력</TEXT>
    </HIER_TEXTS>
    <HIER_TEXTS>
     <SPRAS>3</SPRAS>
     <NODE_ID>A5B3F83BFE8D1EEE9A80CB8053C58E3B</NODE_ID>
     <TEXT>대금청구문서 리스트</TEXT>
    </HIER_TEXTS>
    <HIER_TEXTS>
     <SPRAS>3</SPRAS>
     <NODE_ID>A5B3F83BFE8D1EEE98CC099F9B1A18F4</NODE_ID>
     <TEXT>창고 재고 리스트</TEXT>
    </HIER_TEXTS>
    <HIER_TEXTS>
     <SPRAS>3</SPRAS>
     <NODE_ID>A5B3F83BFE8D1EEE98CC05CD2D8258DA</NODE_ID>
     <TEXT>재고조회</TEXT>
    </HIER_TEXTS>
    <HIER_TEXTS>
     <SPRAS>3</SPRAS>
     <NODE_ID>A5B3F83BFE8D1EEE96A0A6C6E86FEA44</NODE_ID>
     <TEXT>영업문서 여신재점검</TEXT>
    </HIER_TEXTS>
    <HIER_TEXTS>
     <SPRAS>3</SPRAS>
     <NODE_ID>A5B3F83BFE8D1EEE95BF6F0F6E79473D</NODE_ID>
     <TEXT>[SD] 처방실적 등록</TEXT>
    </HIER_TEXTS>
    <HIER_TEXTS>
     <SPRAS>3</SPRAS>
     <NODE_ID>A5B3F83BFE8D1EEE95BF6D3FE20C8734</NODE_ID>
     <TEXT>처방실적</TEXT>
    </HIER_TEXTS>
    <HIER_TEXTS>
     <SPRAS>3</SPRAS>
     <NODE_ID>A5B3F83BFE8D1EEE95BF6931276D471C</NODE_ID>
     <TEXT>무상납품 승인</TEXT>
    </HIER_TEXTS>
    <HIER_TEXTS>
     <SPRAS>3</SPRAS>
     <NODE_ID>A5B3F83BFE8D1EEE95BF65E0DF044706</NODE_ID>
     <TEXT>장비임대계약 Upload</TEXT>
    </HIER_TEXTS>
    <HIER_TEXTS>
     <SPRAS>3</SPRAS>
     <NODE_ID>A5B3F83BFE8D1EDE9CF3DBE8C24E056D</NODE_ID>
     <TEXT>[SD] 처방실적 조회</TEXT>
    </HIER_TEXTS>
    <HIER_TEXTS>
     <SPRAS>3</SPRAS>
     <NODE_ID>A5B3F83BFE8D1EDE9BC81B01A1884FC8</NODE_ID>
     <TEXT>일반납품리스트 - 아웃바운드납품</TEXT>
    </HIER_TEXTS>
    <HIER_TEXTS>
     <SPRAS>3</SPRAS>
     <NODE_ID>A5B3F83BFE8D1EDE9B9288F10C20DEE0</NODE_ID>
     <TEXT>고객 리스트</TEXT>
    </HIER_TEXTS>
    <HIER_TEXTS>
     <SPRAS>3</SPRAS>
     <NODE_ID>A5B3F83BFE8D1EDE98FB3446604B84A9</NODE_ID>
     <TEXT>자재별 영업문서갱신</TEXT>
    </HIER_TEXTS>
    <HIER_TEXTS>
     <SPRAS>3</SPRAS>
     <NODE_ID>A5B3F83BFE8D1EDE96FFE801D6A8818A</NODE_ID>
     <TEXT>환율조회</TEXT>
    </HIER_TEXTS>
    <HIER_TEXTS>
     <SPRAS>3</SPRAS>
     <NODE_ID>A5B3F83BFE8D1EDE96FFE628C788617F</NODE_ID>
     <TEXT>기타</TEXT>
    </HIER_TEXTS>
    <HIER_TEXTS>
     <SPRAS>3</SPRAS>
     <NODE_ID>A5B3F83BFE8D1EDE969C9CFA6D2611F7</NODE_ID>
     <TEXT>주문진행 현황</TEXT>
    </HIER_TEXTS>
    <HIER_TEXTS>
     <SPRAS>3</SPRAS>
     <NODE_ID>A5B3F83BFE8D1EDE969C7627D394F116</NODE_ID>
     <TEXT>자재리스트</TEXT>
    </HIER_TEXTS>
    <HIER_TEXTS>
     <SPRAS>3</SPRAS>
     <NODE_ID>A5B3F83BFE8D1EDE969C7627D394D116</NODE_ID>
     <TEXT>통합자재리스트</TEXT>
    </HIER_TEXTS>
    <HIER_TEXTS>
     <SPRAS>3</SPRAS>
     <NODE_ID>A39F3BB8B8B91EEEA9A2A7E336F5DF7B</NODE_ID>
     <TEXT>[SD]I/F Conversion Master</TEXT>
    </HIER_TEXTS>
    <HIER_TEXTS>
     <SPRAS>3</SPRAS>
     <NODE_ID>A39F3BB8B8B91EEEA9A2A6C76E1A5F7B</NODE_ID>
     <TEXT>Conversion</TEXT>
    </HIER_TEXTS>
    <HIER_TEXTS>
     <SPRAS>3</SPRAS>
     <NODE_ID>A39F3BB8B8B91EEEA6CA3724B6E21F7B</NODE_ID>
     <TEXT>[SD] 납품문서 전송 to WMS</TEXT>
    </HIER_TEXTS>
    <HIER_TEXTS>
     <SPRAS>3</SPRAS>
     <NODE_ID>A39F3BB8B8B91EEEA6B1FD251641DF7B</NODE_ID>
     <TEXT>I/F Log Monitor</TEXT>
    </HIER_TEXTS>
    <HIER_TEXTS>
     <SPRAS>3</SPRAS>
     <NODE_ID>5F47580F60881EEEA3E8213DA0389F73</NODE_ID>
     <TEXT>[SD] 조직 및 Key Data 전송 to WMS</TEXT>
    </HIER_TEXTS>
    <HIER_TEXTS>
     <SPRAS>3</SPRAS>
     <NODE_ID>5F47580F60881EEEA39F130D179E9F73</NODE_ID>
     <TEXT>XI: Message Monitoring</TEXT>
    </HIER_TEXTS>
    <HIER_TEXTS>
     <SPRAS>3</SPRAS>
     <NODE_ID>5F47580F60881EEEA39F1202E2F15F73</NODE_ID>
     <TEXT>Monitoring</TEXT>
    </HIER_TEXTS>
    <HIER_TEXTS>
     <SPRAS>3</SPRAS>
     <NODE_ID>5F47580F60881EEEA397D4D633071F73</NODE_ID>
     <TEXT>[SD] 고객마스터 전송 to QMS</TEXT>
    </HIER_TEXTS>
    <HIER_TEXTS>
     <SPRAS>3</SPRAS>
     <NODE_ID>5F47580F60881EEEA397D3F3F6B0BF73</NODE_ID>
     <TEXT>WMS</TEXT>
    </HIER_TEXTS>
    <HIER_TEXTS>
     <SPRAS>3</SPRAS>
     <NODE_ID>2B1F1079E8BC1EDE93BB8C34616493BE</NODE_ID>
     <TEXT>출고처리</TEXT>
    </HIER_TEXTS>
    <HIER_TEXTS>
     <SPRAS>3</SPRAS>
     <NODE_ID>2B1F1079E8BC1EDE93BB8C346160F3BE</NODE_ID>
     <TEXT>견적</TEXT>
    </HIER_TEXTS>
    <HIER_TEXTS>
     <SPRAS>3</SPRAS>
     <NODE_ID>2B1F1079E8BC1EDE93BB8C346160D3BE</NODE_ID>
     <TEXT>영업활동</TEXT>
    </HIER_TEXTS>
    <HIER_TEXTS>
     <SPRAS>3</SPRAS>
     <NODE_ID>2B1F1079E8BC1EDE93BB8C346160B3BE</NODE_ID>
     <TEXT>판매계획</TEXT>
    </HIER_TEXTS>
    <HIER_TEXTS>
     <SPRAS>3</SPRAS>
     <NODE_ID>2B1F1079E8BC1EDE93BB8C34616073BE</NODE_ID>
     <TEXT>가격조회</TEXT>
    </HIER_TEXTS>
    <HIER_TEXTS>
     <SPRAS>3</SPRAS>
     <NODE_ID>2B1F1079E8BC1EDE93BB8C34616053BE</NODE_ID>
     <TEXT>가격변경</TEXT>
    </HIER_TEXTS>
    <HIER_TEXTS>
     <SPRAS>3</SPRAS>
     <NODE_ID>2B1F1079E8BC1EDE93BB8C34616033BE</NODE_ID>
     <TEXT>가격생성</TEXT>
    </HIER_TEXTS>
    <HIER_TEXTS>
     <SPRAS>3</SPRAS>
     <NODE_ID>2B1F1079E8BC1EDE93BB8C34616013BE</NODE_ID>
     <TEXT>가격</TEXT>
    </HIER_TEXTS>
    <HIER_TEXTS>
     <SPRAS>3</SPRAS>
     <NODE_ID>2B1F1079E8BC1EDE93BB8C34615FF3BE</NODE_ID>
     <TEXT>허용자재/제외자재 조회</TEXT>
    </HIER_TEXTS>
    <HIER_TEXTS>
     <SPRAS>3</SPRAS>
     <NODE_ID>2B1F1079E8BC1EDE93BB8C34615FD3BE</NODE_ID>
     <TEXT>허용자재/제외자재 변경</TEXT>
    </HIER_TEXTS>
    <HIER_TEXTS>
     <SPRAS>3</SPRAS>
     <NODE_ID>2B1F1079E8BC1EDE93BB8C34615FB3BE</NODE_ID>
     <TEXT>허용자재/제외자재 생성</TEXT>
    </HIER_TEXTS>
    <HIER_TEXTS>
     <SPRAS>3</SPRAS>
     <NODE_ID>2B1F1079E8BC1EDE93BB8C34615F93BE</NODE_ID>
     <TEXT>출하통제</TEXT>
    </HIER_TEXTS>
    <HIER_TEXTS>
     <SPRAS>3</SPRAS>
     <NODE_ID>2B1F1079E8BC1EDE93BB8C34615F73BE</NODE_ID>
     <TEXT>자재조회</TEXT>
    </HIER_TEXTS>
    <HIER_TEXTS>
     <SPRAS>3</SPRAS>
     <NODE_ID>2B1F1079E8BC1EDE93BB8C34615F53BE</NODE_ID>
     <TEXT>자재변경</TEXT>
    </HIER_TEXTS>
    <HIER_TEXTS>
     <SPRAS>3</SPRAS>
     <NODE_ID>2B1F1079E8BC1EDE93BB8C34615F33BE</NODE_ID>
     <TEXT>자재생성</TEXT>
    </HIER_TEXTS>
    <HIER_TEXTS>
     <SPRAS>3</SPRAS>
     <NODE_ID>2B1F1079E8BC1EDE93BB8C34615F13BE</NODE_ID>
     <TEXT>자재</TEXT>
    </HIER_TEXTS>
    <HIER_TEXTS>
     <SPRAS>3</SPRAS>
     <NODE_ID>2B1F1079E8BC1EDE93BB8C34615EF3BE</NODE_ID>
     <TEXT>여신점검 로그조회</TEXT>
    </HIER_TEXTS>
    <HIER_TEXTS>
     <SPRAS>3</SPRAS>
     <NODE_ID>2B1F1079E8BC1EDE93BB8C34615ED3BE</NODE_ID>
     <TEXT>여신 익스포저</TEXT>
    </HIER_TEXTS>
    <HIER_TEXTS>
     <SPRAS>3</SPRAS>
     <NODE_ID>2B1F1079E8BC1EDE93BB8C34615EB3BE</NODE_ID>
     <TEXT>여신점검  시뮬레이션</TEXT>
    </HIER_TEXTS>
    <HIER_TEXTS>
     <SPRAS>3</SPRAS>
     <NODE_ID>2B1F1079E8BC1EDE93BB8C34615E93BE</NODE_ID>
     <TEXT>여신마스터 리스트</TEXT>
    </HIER_TEXTS>
    <HIER_TEXTS>
     <SPRAS>3</SPRAS>
     <NODE_ID>2B1F1079E8BC1EDE93BB8C34615E73BE</NODE_ID>
     <TEXT>여신관리 비즈니스 파트너</TEXT>
    </HIER_TEXTS>
    <HIER_TEXTS>
     <SPRAS>3</SPRAS>
     <NODE_ID>2B1F1079E8BC1EDE93BB8C34615E53BE</NODE_ID>
     <TEXT>여신</TEXT>
    </HIER_TEXTS>
    <HIER_TEXTS>
     <SPRAS>3</SPRAS>
     <NODE_ID>2B1F1079E8BC1EDE93BB8C34615E33BE</NODE_ID>
     <TEXT>[SD] 실납병원 등록</TEXT>
    </HIER_TEXTS>
    <HIER_TEXTS>
     <SPRAS>3</SPRAS>
     <NODE_ID>2B1F1079E8BC1EDE93BB8C34615E13BE</NODE_ID>
     <TEXT>[SD] 고객마스터 생성</TEXT>
    </HIER_TEXTS>
    <HIER_TEXTS>
     <SPRAS>3</SPRAS>
     <NODE_ID>2B1F1079E8BC1EDE93BB8C34615DF3BE</NODE_ID>
     <TEXT>비즈니스 파트너 조회</TEXT>
    </HIER_TEXTS>
    <HIER_TEXTS>
     <SPRAS>3</SPRAS>
     <NODE_ID>2B1F1079E8BC1EDE93BB8C34615DD3BE</NODE_ID>
     <TEXT>비즈니스 파트너 변경</TEXT>
    </HIER_TEXTS>
    <HIER_TEXTS>
     <SPRAS>3</SPRAS>
     <NODE_ID>2B1F1079E8BC1EDE93BB8C34615DB3BE</NODE_ID>
     <TEXT>비즈니스 파트너 생성</TEXT>
    </HIER_TEXTS>
    <HIER_TEXTS>
     <SPRAS>3</SPRAS>
     <NODE_ID>2B1F1079E8BC1EDE93BB8C34615D93BE</NODE_ID>
     <TEXT>고객</TEXT>
    </HIER_TEXTS>
    <HIER_TEXTS>
     <SPRAS>3</SPRAS>
     <NODE_ID>2B1F1079E8BC1EDE93BB8C34615D73BE</NODE_ID>
     <TEXT>기준정보</TEXT>
    </HIER_TEXTS>
    <HIER_TEXTS>
     <SPRAS>3</SPRAS>
     <NODE_ID>2B1F1079E8BC1EDE93BB8C34616473BE</NODE_ID>
     <TEXT>출고처리</TEXT>
    </HIER_TEXTS>
    <HIER_TEXTS>
     <SPRAS>3</SPRAS>
     <NODE_ID>2B1F1079E8BC1EDE93BB8C34616453BE</NODE_ID>
     <TEXT>납품문서 조회</TEXT>
    </HIER_TEXTS>
    <HIER_TEXTS>
     <SPRAS>3</SPRAS>
     <NODE_ID>2B1F1079E8BC1EDE93BB8C34616433BE</NODE_ID>
     <TEXT>판매오더 및 구매오더 참조 하여 납품문서 생성</TEXT>
    </HIER_TEXTS>
    <HIER_TEXTS>
     <SPRAS>3</SPRAS>
     <NODE_ID>2B1F1079E8BC1EDE93BB8C34616413BE</NODE_ID>
     <TEXT>납품문서 생성</TEXT>
    </HIER_TEXTS>
    <HIER_TEXTS>
     <SPRAS>3</SPRAS>
     <NODE_ID>2B1F1079E8BC1EDE93BB8C346163F3BE</NODE_ID>
     <TEXT>납품요청</TEXT>
    </HIER_TEXTS>
    <HIER_TEXTS>
     <SPRAS>3</SPRAS>
     <NODE_ID>2B1F1079E8BC1EDE93BB8C346163D3BE</NODE_ID>
     <TEXT>납품</TEXT>
    </HIER_TEXTS>
    <HIER_TEXTS>
     <SPRAS>3</SPRAS>
     <NODE_ID>2B1F1079E8BC1EDE93BB8C346163B3BE</NODE_ID>
     <TEXT>백오더 조회</TEXT>
    </HIER_TEXTS>
    <HIER_TEXTS>
     <SPRAS>3</SPRAS>
     <NODE_ID>2B1F1079E8BC1EDE93BB8C34616393BE</NODE_ID>
     <TEXT>백오더 처리</TEXT>
    </HIER_TEXTS>
    <HIER_TEXTS>
     <SPRAS>3</SPRAS>
     <NODE_ID>2B1F1079E8BC1EDE93BB8C34616373BE</NODE_ID>
     <TEXT>백오더 처리</TEXT>
    </HIER_TEXTS>
    <HIER_TEXTS>
     <SPRAS>3</SPRAS>
     <NODE_ID>2B1F1079E8BC1EDE93BB8C34616353BE</NODE_ID>
     <TEXT>백오더</TEXT>
    </HIER_TEXTS>
    <HIER_TEXTS>
     <SPRAS>3</SPRAS>
     <NODE_ID>2B1F1079E8BC1EDE93BB8C34616333BE</NODE_ID>
     <TEXT>오브젝트 상태별 영업문서</TEXT>
    </HIER_TEXTS>
    <HIER_TEXTS>
     <SPRAS>3</SPRAS>
     <NODE_ID>2B1F1079E8BC1EDE93BB8C34616313BE</NODE_ID>
     <TEXT>승인</TEXT>
    </HIER_TEXTS>
    <HIER_TEXTS>
     <SPRAS>3</SPRAS>
     <NODE_ID>2B1F1079E8BC1EDE93BB8C346162F3BE</NODE_ID>
     <TEXT>대리점주문 등록</TEXT>
    </HIER_TEXTS>
    <HIER_TEXTS>
     <SPRAS>3</SPRAS>
     <NODE_ID>2B1F1079E8BC1EDE93BB8C346162D3BE</NODE_ID>
     <TEXT>오더리스트</TEXT>
    </HIER_TEXTS>
    <HIER_TEXTS>
     <SPRAS>3</SPRAS>
     <NODE_ID>2B1F1079E8BC1EDE93BB8C346162B3BE</NODE_ID>
     <TEXT>오더조회</TEXT>
    </HIER_TEXTS>
    <HIER_TEXTS>
     <SPRAS>3</SPRAS>
     <NODE_ID>2B1F1079E8BC1EDE93BB8C34616293BE</NODE_ID>
     <TEXT>오더변경</TEXT>
    </HIER_TEXTS>
    <HIER_TEXTS>
     <SPRAS>3</SPRAS>
     <NODE_ID>2B1F1079E8BC1EDE93BB8C34616273BE</NODE_ID>
     <TEXT>오더생성</TEXT>
    </HIER_TEXTS>
    <HIER_TEXTS>
     <SPRAS>3</SPRAS>
     <NODE_ID>2B1F1079E8BC1EDE93BB8C34616253BE</NODE_ID>
     <TEXT>주문</TEXT>
    </HIER_TEXTS>
    <HIER_TEXTS>
     <SPRAS>3</SPRAS>
     <NODE_ID>2B1F1079E8BC1EDE93BB8C34616233BE</NODE_ID>
     <TEXT>오더</TEXT>
    </HIER_TEXTS>
    <HIER_TEXTS>
     <SPRAS>3</SPRAS>
     <NODE_ID>2B1F1079E8BC1EDE93BB8C34616213BE</NODE_ID>
     <TEXT>계약 리스트</TEXT>
    </HIER_TEXTS>
    <HIER_TEXTS>
     <SPRAS>3</SPRAS>
     <NODE_ID>2B1F1079E8BC1EDE93BB8C346161F3BE</NODE_ID>
     <TEXT>계약 조회</TEXT>
    </HIER_TEXTS>
    <HIER_TEXTS>
     <SPRAS>3</SPRAS>
     <NODE_ID>2B1F1079E8BC1EDE93BB8C346161D3BE</NODE_ID>
     <TEXT>계약 변경</TEXT>
    </HIER_TEXTS>
    <HIER_TEXTS>
     <SPRAS>3</SPRAS>
     <NODE_ID>2B1F1079E8BC1EDE93BB8C346161B3BE</NODE_ID>
     <TEXT>계약 생성</TEXT>
    </HIER_TEXTS>
    <HIER_TEXTS>
     <SPRAS>3</SPRAS>
     <NODE_ID>2B1F1079E8BC1EDE93BB8C34616193BE</NODE_ID>
     <TEXT>계약</TEXT>
    </HIER_TEXTS>
    <HIER_TEXTS>
     <SPRAS>3</SPRAS>
     <NODE_ID>2B1F1079E8BC1EDE93BB8C34616173BE</NODE_ID>
     <TEXT>견적리스트</TEXT>
    </HIER_TEXTS>
    <HIER_TEXTS>
     <SPRAS>3</SPRAS>
     <NODE_ID>2B1F1079E8BC1EDE93BB8C34616153BE</NODE_ID>
     <TEXT>견적조회</TEXT>
    </HIER_TEXTS>
    <HIER_TEXTS>
     <SPRAS>3</SPRAS>
     <NODE_ID>2B1F1079E8BC1EDE93BB8C34616133BE</NODE_ID>
     <TEXT>견적변경</TEXT>
    </HIER_TEXTS>
    <HIER_TEXTS>
     <SPRAS>3</SPRAS>
     <NODE_ID>2B1F1079E8BC1EDE93BB8C34616113BE</NODE_ID>
     <TEXT>견적생성</TEXT>
    </HIER_TEXTS>
   </TREE_TEXTS>
  </asx:values>
 </asx:abap>
</abapGit>
