﻿<?xml version="1.0" encoding="utf-8"?>
<abapGit version="v1.0.0" serializer="LCL_OBJECT_DTEL" serializer_version="v1.0.0">
 <asx:abap xmlns:asx="http://www.sap.com/abapxml" version="1.0">
  <asx:values>
   <DD04V>
    <ROLLNAME>ZKCD_EX_ROW_N</ROLLNAME>
    <DDLANGUAGE>3</DDLANGUAGE>
    <DOMNAME>NUMC06</DOMNAME>
    <SCRLEN1>10</SCRLEN1>
    <SCRLEN2>15</SCRLEN2>
    <SCRLEN3>20</SCRLEN3>
    <DDTEXT>가변 Excel 업로드: 행 번호</DDTEXT>
    <SCRTEXT_S>행</SCRTEXT_S>
    <SCRTEXT_M>행</SCRTEXT_M>
    <SCRTEXT_L>행 번호</SCRTEXT_L>
    <DTELMASTER>D</DTELMASTER>
    <REFKIND>D</REFKIND>
   </DD04V>
   <I18N_LANGS>
    <LANGU>1</LANGU>
    <LANGU>2</LANGU>
    <LANGU>4</LANGU>
    <LANGU>5</LANGU>
    <LANGU>6</LANGU>
    <LANGU>7</LANGU>
    <LANGU>8</LANGU>
    <LANGU>9</LANGU>
    <LANGU>A</LANGU>
    <LANGU>B</LANGU>
    <LANGU>C</LANGU>
    <LANGU>D</LANGU>
    <LANGU>E</LANGU>
    <LANGU>F</LANGU>
    <LANGU>G</LANGU>
    <LANGU>H</LANGU>
    <LANGU>I</LANGU>
    <LANGU>J</LANGU>
    <LANGU>K</LANGU>
    <LANGU>L</LANGU>
    <LANGU>M</LANGU>
    <LANGU>N</LANGU>
    <LANGU>O</LANGU>
    <LANGU>P</LANGU>
    <LANGU>Q</LANGU>
    <LANGU>R</LANGU>
    <LANGU>S</LANGU>
    <LANGU>T</LANGU>
    <LANGU>U</LANGU>
    <LANGU>V</LANGU>
    <LANGU>W</LANGU>
    <LANGU>X</LANGU>
    <LANGU>Y</LANGU>
    <LANGU>c</LANGU>
    <LANGU>d</LANGU>
    <LANGU>묩</LANGU>
    <LANGU>뱋</LANGU>
    <LANGU>쁩</LANGU>
   </I18N_LANGS>
   <DD04_TEXTS>
    <item>
     <DDLANGUAGE>1</DDLANGUAGE>
     <DDTEXT>弹性Excel上传：行号</DDTEXT>
     <SCRTEXT_S>行</SCRTEXT_S>
     <SCRTEXT_M>行</SCRTEXT_M>
     <SCRTEXT_L>行编号</SCRTEXT_L>
    </item>
    <item>
     <DDLANGUAGE>2</DDLANGUAGE>
     <DDTEXT>อัพโหลด Excel ที่แก้ได้: เลขที่แถว</DDTEXT>
     <SCRTEXT_S>แถว</SCRTEXT_S>
     <SCRTEXT_M>แถว</SCRTEXT_M>
     <SCRTEXT_L>เลขที่แถว</SCRTEXT_L>
    </item>
    <item>
     <DDLANGUAGE>4</DDLANGUAGE>
     <DDTEXT>Încărcare flexibilă Excel: număr rând</DDTEXT>
     <SCRTEXT_S>Linie</SCRTEXT_S>
     <SCRTEXT_M>Linie</SCRTEXT_M>
     <SCRTEXT_L>Număr linie</SCRTEXT_L>
    </item>
    <item>
     <DDLANGUAGE>5</DDLANGUAGE>
     <DDTEXT>Fleksib. Excel nalaganje: številka vrstice</DDTEXT>
     <SCRTEXT_S>Vrstica</SCRTEXT_S>
     <SCRTEXT_M>Vrstica</SCRTEXT_M>
     <SCRTEXT_L>Številka vrstice</SCRTEXT_L>
    </item>
    <item>
     <DDLANGUAGE>6</DDLANGUAGE>
     <DDTEXT>Fleksibilno Excel učitavanje: broj reda</DDTEXT>
     <SCRTEXT_S>Red</SCRTEXT_S>
     <SCRTEXT_M>Red</SCRTEXT_M>
     <SCRTEXT_L>Broj retka</SCRTEXT_L>
    </item>
    <item>
     <DDLANGUAGE>7</DDLANGUAGE>
     <DDTEXT>Muat naik Excel fleksibel: nombor baris</DDTEXT>
     <SCRTEXT_S>Baris</SCRTEXT_S>
     <SCRTEXT_M>Baris</SCRTEXT_M>
     <SCRTEXT_L>Nombor Baris</SCRTEXT_L>
    </item>
    <item>
     <DDLANGUAGE>8</DDLANGUAGE>
     <DDTEXT>Гнучке вивантаження Excel: номер рядка</DDTEXT>
     <SCRTEXT_S>Рядок</SCRTEXT_S>
     <SCRTEXT_M>Рядок</SCRTEXT_M>
     <SCRTEXT_L>Номер рядка</SCRTEXT_L>
    </item>
    <item>
     <DDLANGUAGE>9</DDLANGUAGE>
     <DDTEXT>Paindlik Exceli üleslaadimine: rea number</DDTEXT>
     <SCRTEXT_S>Rida</SCRTEXT_S>
     <SCRTEXT_M>Rida</SCRTEXT_M>
     <SCRTEXT_L>Rea number</SCRTEXT_L>
    </item>
    <item>
     <DDLANGUAGE>A</DDLANGUAGE>
     <DDTEXT>تحميل مرن لِ Excel: رقم الصف</DDTEXT>
     <SCRTEXT_S>الصف</SCRTEXT_S>
     <SCRTEXT_M>الصف</SCRTEXT_M>
     <SCRTEXT_L>رقم الصف</SCRTEXT_L>
    </item>
    <item>
     <DDLANGUAGE>B</DDLANGUAGE>
     <DDTEXT>טעינת Excel גמישה: מספר שורה</DDTEXT>
     <SCRTEXT_S>שורה</SCRTEXT_S>
     <SCRTEXT_M>שורה</SCRTEXT_M>
     <SCRTEXT_L>מספר שורה</SCRTEXT_L>
    </item>
    <item>
     <DDLANGUAGE>C</DDLANGUAGE>
     <DDTEXT>Flexibilní upload Excelu: Číslo řádky</DDTEXT>
     <SCRTEXT_S>Řádka</SCRTEXT_S>
     <SCRTEXT_M>Řádka</SCRTEXT_M>
     <SCRTEXT_L>Číslo řádky</SCRTEXT_L>
    </item>
    <item>
     <DDLANGUAGE>D</DDLANGUAGE>
     <DDTEXT>Flexibler Excelupload: Zeilennummer</DDTEXT>
     <SCRTEXT_S>Zeile</SCRTEXT_S>
     <SCRTEXT_M>Zeile</SCRTEXT_M>
     <SCRTEXT_L>Zeilennummer</SCRTEXT_L>
    </item>
    <item>
     <DDLANGUAGE>E</DDLANGUAGE>
     <DDTEXT>Flexible Excel upload: row number</DDTEXT>
     <SCRTEXT_S>Row</SCRTEXT_S>
     <SCRTEXT_M>Row</SCRTEXT_M>
     <SCRTEXT_L>Row Number</SCRTEXT_L>
    </item>
    <item>
     <DDLANGUAGE>F</DDLANGUAGE>
     <DDTEXT>Upload Excel flexible : numéro de ligne</DDTEXT>
     <SCRTEXT_S>Ligne</SCRTEXT_S>
     <SCRTEXT_M>Ligne</SCRTEXT_M>
     <SCRTEXT_L>Numéro de ligne</SCRTEXT_L>
    </item>
    <item>
     <DDLANGUAGE>G</DDLANGUAGE>
     <DDTEXT>Ευέλικτη διαβίβαση σε ανώτερο σύστημα Excel: αριθμός σειράς</DDTEXT>
     <SCRTEXT_S>Σειρά</SCRTEXT_S>
     <SCRTEXT_M>Σειρά</SCRTEXT_M>
     <SCRTEXT_L>Αριθμός Σειράς</SCRTEXT_L>
    </item>
    <item>
     <DDLANGUAGE>H</DDLANGUAGE>
     <DDTEXT>Flexibilis Excel upload: sor száma</DDTEXT>
     <SCRTEXT_S>Sor</SCRTEXT_S>
     <SCRTEXT_M>Sor</SCRTEXT_M>
     <SCRTEXT_L>Sor száma</SCRTEXT_L>
    </item>
    <item>
     <DDLANGUAGE>I</DDLANGUAGE>
     <DDTEXT>Upload flessibile Excel: numero riga</DDTEXT>
     <SCRTEXT_S>Riga</SCRTEXT_S>
     <SCRTEXT_M>Riga</SCRTEXT_M>
     <SCRTEXT_L>Numero riga</SCRTEXT_L>
    </item>
    <item>
     <DDLANGUAGE>J</DDLANGUAGE>
     <DDTEXT>フレキシブル Excel アップロード: 行番号</DDTEXT>
     <SCRTEXT_S>行番号</SCRTEXT_S>
     <SCRTEXT_M>行番号</SCRTEXT_M>
     <SCRTEXT_L>行番号</SCRTEXT_L>
    </item>
    <item>
     <DDLANGUAGE>K</DDLANGUAGE>
     <DDTEXT>Fleksibel excel-upload: Linienummer</DDTEXT>
     <SCRTEXT_S>Linie</SCRTEXT_S>
     <SCRTEXT_M>Linie</SCRTEXT_M>
     <SCRTEXT_L>Linienummer</SCRTEXT_L>
    </item>
    <item>
     <DDLANGUAGE>L</DDLANGUAGE>
     <DDTEXT>Elast. odczyt z pliku Excel: Nr wiersza</DDTEXT>
     <SCRTEXT_S>Linia</SCRTEXT_S>
     <SCRTEXT_M>Linia</SCRTEXT_M>
     <SCRTEXT_L>Numer wiersza</SCRTEXT_L>
    </item>
    <item>
     <DDLANGUAGE>M</DDLANGUAGE>
     <DDTEXT>彈性 Excel 上傳：列號碼</DDTEXT>
     <SCRTEXT_S>列</SCRTEXT_S>
     <SCRTEXT_M>列</SCRTEXT_M>
     <SCRTEXT_L>列號</SCRTEXT_L>
    </item>
    <item>
     <DDLANGUAGE>N</DDLANGUAGE>
     <DDTEXT>Flexibele Excel-upload: regelnummer</DDTEXT>
     <SCRTEXT_S>Regel</SCRTEXT_S>
     <SCRTEXT_M>Regel</SCRTEXT_M>
     <SCRTEXT_L>Regelnummer</SCRTEXT_L>
    </item>
    <item>
     <DDLANGUAGE>O</DDLANGUAGE>
     <DDTEXT>Fleksibel opplasting - Excel: Linjenummer</DDTEXT>
     <SCRTEXT_S>Linje</SCRTEXT_S>
     <SCRTEXT_M>Linje</SCRTEXT_M>
     <SCRTEXT_L>Linjenummer</SCRTEXT_L>
    </item>
    <item>
     <DDLANGUAGE>P</DDLANGUAGE>
     <DDTEXT>Upload flexível de excel: nº da linha</DDTEXT>
     <SCRTEXT_S>Linha</SCRTEXT_S>
     <SCRTEXT_M>Linha</SCRTEXT_M>
     <SCRTEXT_L>Nº da linha</SCRTEXT_L>
    </item>
    <item>
     <DDLANGUAGE>Q</DDLANGUAGE>
     <DDTEXT>Flexib.upload excelu: Číslo riadka</DDTEXT>
     <SCRTEXT_S>Riadok</SCRTEXT_S>
     <SCRTEXT_M>Riadok</SCRTEXT_M>
     <SCRTEXT_L>Číslo riadka</SCRTEXT_L>
    </item>
    <item>
     <DDLANGUAGE>R</DDLANGUAGE>
     <DDTEXT>Гибкая загрузка Excel: Номер строки</DDTEXT>
     <SCRTEXT_S>Строка</SCRTEXT_S>
     <SCRTEXT_M>Строка</SCRTEXT_M>
     <SCRTEXT_L>Номер строки</SCRTEXT_L>
    </item>
    <item>
     <DDLANGUAGE>S</DDLANGUAGE>
     <DDTEXT>Upload flexible Excel: número de línea</DDTEXT>
     <SCRTEXT_S>Línea</SCRTEXT_S>
     <SCRTEXT_M>Línea</SCRTEXT_M>
     <SCRTEXT_L>Número de línea</SCRTEXT_L>
    </item>
    <item>
     <DDLANGUAGE>T</DDLANGUAGE>
     <DDTEXT>Esnek Excel yukarı yüklemesi: Satır numarası</DDTEXT>
     <SCRTEXT_S>Satır</SCRTEXT_S>
     <SCRTEXT_M>Satır</SCRTEXT_M>
     <SCRTEXT_L>Satır numarası</SCRTEXT_L>
    </item>
    <item>
     <DDLANGUAGE>U</DDLANGUAGE>
     <DDTEXT>Joustava Excel-puhurointi: rivinumero</DDTEXT>
     <SCRTEXT_S>Rivi</SCRTEXT_S>
     <SCRTEXT_M>Rivi</SCRTEXT_M>
     <SCRTEXT_L>Rivinumero</SCRTEXT_L>
    </item>
    <item>
     <DDLANGUAGE>V</DDLANGUAGE>
     <DDTEXT>Flexibel excelinläsning: Radnummer</DDTEXT>
     <SCRTEXT_S>Rad</SCRTEXT_S>
     <SCRTEXT_M>Rad</SCRTEXT_M>
     <SCRTEXT_L>Radnummer</SCRTEXT_L>
    </item>
    <item>
     <DDLANGUAGE>W</DDLANGUAGE>
     <DDTEXT>Гъвкаво Excel зареждане: номер на реда</DDTEXT>
     <SCRTEXT_S>Ред</SCRTEXT_S>
     <SCRTEXT_M>Ред</SCRTEXT_M>
     <SCRTEXT_L>Номер на ред</SCRTEXT_L>
    </item>
    <item>
     <DDLANGUAGE>X</DDLANGUAGE>
     <DDTEXT>Lankstus „Excel“ įkėlimas: eilutės numeris</DDTEXT>
     <SCRTEXT_S>Eilutė</SCRTEXT_S>
     <SCRTEXT_M>Eilutė</SCRTEXT_M>
     <SCRTEXT_L>Eilutės numeris</SCRTEXT_L>
    </item>
    <item>
     <DDLANGUAGE>Y</DDLANGUAGE>
     <DDTEXT>Elastīgā Excel augšupielāde: rindas numurs</DDTEXT>
     <SCRTEXT_S>Rinda</SCRTEXT_S>
     <SCRTEXT_M>Rinda</SCRTEXT_M>
     <SCRTEXT_L>Rindas numurs</SCRTEXT_L>
    </item>
    <item>
     <DDLANGUAGE>c</DDLANGUAGE>
     <DDTEXT>Upload Excel flexible: Número línia</DDTEXT>
     <SCRTEXT_S>Línia</SCRTEXT_S>
     <SCRTEXT_M>Línia</SCRTEXT_M>
     <SCRTEXT_L>Número de línia</SCRTEXT_L>
    </item>
    <item>
     <DDLANGUAGE>d</DDLANGUAGE>
     <DDTEXT>Fleksibilni prenos na server Excel-a: Broj reda</DDTEXT>
     <SCRTEXT_S>Red</SCRTEXT_S>
     <SCRTEXT_M>Red</SCRTEXT_M>
     <SCRTEXT_L>Broj reda</SCRTEXT_L>
    </item>
    <item>
     <DDLANGUAGE>묩</DDLANGUAGE>
     <DDTEXT>लचीला एक्सेल अपलोड: पंक्ति संख्या</DDTEXT>
     <SCRTEXT_S>पंक्ति</SCRTEXT_S>
     <SCRTEXT_M>पंक्ति</SCRTEXT_M>
     <SCRTEXT_L>पंक्ति संख्या</SCRTEXT_L>
    </item>
    <item>
     <DDLANGUAGE>뱋</DDLANGUAGE>
     <DDTEXT>Икемді Excel жүктеу: қатар нөмірі</DDTEXT>
     <SCRTEXT_S>Қатар</SCRTEXT_S>
     <SCRTEXT_M>Қатар</SCRTEXT_M>
     <SCRTEXT_L>Қатар нөмірі</SCRTEXT_L>
    </item>
    <item>
     <DDLANGUAGE>쁩</DDLANGUAGE>
     <DDTEXT>Tải lên Excel một cách linh hoạt: số hàng</DDTEXT>
     <SCRTEXT_S>Hàng</SCRTEXT_S>
     <SCRTEXT_M>Hàng</SCRTEXT_M>
     <SCRTEXT_L>Số hàng</SCRTEXT_L>
    </item>
   </DD04_TEXTS>
  </asx:values>
 </asx:abap>
</abapGit>
