﻿<?xml version="1.0" encoding="utf-8"?>
<abapGit version="v1.0.0" serializer="LCL_OBJECT_DTEL" serializer_version="v1.0.0">
 <asx:abap xmlns:asx="http://www.sap.com/abapxml" version="1.0">
  <asx:values>
   <DD04V>
    <ROLLNAME>ZKCD_EX_COL_N</ROLLNAME>
    <DDLANGUAGE>3</DDLANGUAGE>
    <DOMNAME>NUMC06</DOMNAME>
    <SCRLEN1>10</SCRLEN1>
    <SCRLEN2>15</SCRLEN2>
    <SCRLEN3>20</SCRLEN3>
    <DDTEXT>열</DDTEXT>
    <SCRTEXT_S>열</SCRTEXT_S>
    <SCRTEXT_M>열</SCRTEXT_M>
    <SCRTEXT_L>열</SCRTEXT_L>
    <DTELMASTER>D</DTELMASTER>
    <REFKIND>D</REFKIND>
   </DD04V>
   <I18N_LANGS>
    <LANGU>1</LANGU>
    <LANGU>2</LANGU>
    <LANGU>4</LANGU>
    <LANGU>5</LANGU>
    <LANGU>6</LANGU>
    <LANGU>7</LANGU>
    <LANGU>8</LANGU>
    <LANGU>9</LANGU>
    <LANGU>A</LANGU>
    <LANGU>B</LANGU>
    <LANGU>C</LANGU>
    <LANGU>D</LANGU>
    <LANGU>E</LANGU>
    <LANGU>F</LANGU>
    <LANGU>G</LANGU>
    <LANGU>H</LANGU>
    <LANGU>I</LANGU>
    <LANGU>J</LANGU>
    <LANGU>K</LANGU>
    <LANGU>L</LANGU>
    <LANGU>M</LANGU>
    <LANGU>N</LANGU>
    <LANGU>O</LANGU>
    <LANGU>P</LANGU>
    <LANGU>Q</LANGU>
    <LANGU>R</LANGU>
    <LANGU>S</LANGU>
    <LANGU>T</LANGU>
    <LANGU>U</LANGU>
    <LANGU>V</LANGU>
    <LANGU>W</LANGU>
    <LANGU>X</LANGU>
    <LANGU>Y</LANGU>
    <LANGU>c</LANGU>
    <LANGU>d</LANGU>
    <LANGU>묩</LANGU>
    <LANGU>뱋</LANGU>
    <LANGU>쁩</LANGU>
   </I18N_LANGS>
   <DD04_TEXTS>
    <item>
     <DDLANGUAGE>1</DDLANGUAGE>
     <DDTEXT>列</DDTEXT>
     <SCRTEXT_S>列</SCRTEXT_S>
     <SCRTEXT_M>列</SCRTEXT_M>
     <SCRTEXT_L>列</SCRTEXT_L>
    </item>
    <item>
     <DDLANGUAGE>2</DDLANGUAGE>
     <DDTEXT>คอลัมน์</DDTEXT>
     <SCRTEXT_S>คอลัมน์</SCRTEXT_S>
     <SCRTEXT_M>คอลัมน์</SCRTEXT_M>
     <SCRTEXT_L>คอลัมน์</SCRTEXT_L>
    </item>
    <item>
     <DDLANGUAGE>4</DDLANGUAGE>
     <DDTEXT>Coloană</DDTEXT>
     <SCRTEXT_S>Coloană</SCRTEXT_S>
     <SCRTEXT_M>Coloană</SCRTEXT_M>
     <SCRTEXT_L>Coloană</SCRTEXT_L>
    </item>
    <item>
     <DDLANGUAGE>5</DDLANGUAGE>
     <DDTEXT>Stolpec</DDTEXT>
     <SCRTEXT_S>Stolpec</SCRTEXT_S>
     <SCRTEXT_M>Stolpec</SCRTEXT_M>
     <SCRTEXT_L>Stolpec</SCRTEXT_L>
    </item>
    <item>
     <DDLANGUAGE>6</DDLANGUAGE>
     <DDTEXT>Stupac</DDTEXT>
     <SCRTEXT_S>Stupac</SCRTEXT_S>
     <SCRTEXT_M>Stupac</SCRTEXT_M>
     <SCRTEXT_L>Stupac</SCRTEXT_L>
    </item>
    <item>
     <DDLANGUAGE>7</DDLANGUAGE>
     <DDTEXT>Lajur</DDTEXT>
     <SCRTEXT_S>Lajur</SCRTEXT_S>
     <SCRTEXT_M>Lajur</SCRTEXT_M>
     <SCRTEXT_L>Lajur</SCRTEXT_L>
    </item>
    <item>
     <DDLANGUAGE>8</DDLANGUAGE>
     <DDTEXT>Стовпчик</DDTEXT>
     <SCRTEXT_S>Стовпчик</SCRTEXT_S>
     <SCRTEXT_M>Стовпчик</SCRTEXT_M>
     <SCRTEXT_L>Стовпчик</SCRTEXT_L>
    </item>
    <item>
     <DDLANGUAGE>9</DDLANGUAGE>
     <DDTEXT>Veerg</DDTEXT>
     <SCRTEXT_S>Veerg</SCRTEXT_S>
     <SCRTEXT_M>Veerg</SCRTEXT_M>
     <SCRTEXT_L>Veerg</SCRTEXT_L>
    </item>
    <item>
     <DDLANGUAGE>A</DDLANGUAGE>
     <DDTEXT>العمود</DDTEXT>
     <SCRTEXT_S>العمود</SCRTEXT_S>
     <SCRTEXT_M>العمود</SCRTEXT_M>
     <SCRTEXT_L>العمود</SCRTEXT_L>
    </item>
    <item>
     <DDLANGUAGE>B</DDLANGUAGE>
     <DDTEXT>עמודה</DDTEXT>
     <SCRTEXT_S>עמודה</SCRTEXT_S>
     <SCRTEXT_M>עמודה</SCRTEXT_M>
     <SCRTEXT_L>עמודה</SCRTEXT_L>
    </item>
    <item>
     <DDLANGUAGE>C</DDLANGUAGE>
     <DDTEXT>Sloupec</DDTEXT>
     <SCRTEXT_S>Sloupec</SCRTEXT_S>
     <SCRTEXT_M>Sloupec</SCRTEXT_M>
     <SCRTEXT_L>Sloupec</SCRTEXT_L>
    </item>
    <item>
     <DDLANGUAGE>D</DDLANGUAGE>
     <DDTEXT>Spalte</DDTEXT>
     <SCRTEXT_S>Spalte</SCRTEXT_S>
     <SCRTEXT_M>Spalte</SCRTEXT_M>
     <SCRTEXT_L>Spalte</SCRTEXT_L>
    </item>
    <item>
     <DDLANGUAGE>E</DDLANGUAGE>
     <DDTEXT>Column</DDTEXT>
     <SCRTEXT_S>Column</SCRTEXT_S>
     <SCRTEXT_M>Column</SCRTEXT_M>
     <SCRTEXT_L>Column</SCRTEXT_L>
    </item>
    <item>
     <DDLANGUAGE>F</DDLANGUAGE>
     <DDTEXT>Colonne</DDTEXT>
     <SCRTEXT_S>Colonne</SCRTEXT_S>
     <SCRTEXT_M>Colonne</SCRTEXT_M>
     <SCRTEXT_L>Colonne</SCRTEXT_L>
    </item>
    <item>
     <DDLANGUAGE>G</DDLANGUAGE>
     <DDTEXT>Στήλη</DDTEXT>
     <SCRTEXT_S>Στήλη</SCRTEXT_S>
     <SCRTEXT_M>Στήλη</SCRTEXT_M>
     <SCRTEXT_L>Στήλη</SCRTEXT_L>
    </item>
    <item>
     <DDLANGUAGE>H</DDLANGUAGE>
     <DDTEXT>Oszlop</DDTEXT>
     <SCRTEXT_S>Oszlop</SCRTEXT_S>
     <SCRTEXT_M>Oszlop</SCRTEXT_M>
     <SCRTEXT_L>Oszlop</SCRTEXT_L>
    </item>
    <item>
     <DDLANGUAGE>I</DDLANGUAGE>
     <DDTEXT>Colonna</DDTEXT>
     <SCRTEXT_S>Colonna</SCRTEXT_S>
     <SCRTEXT_M>Colonna</SCRTEXT_M>
     <SCRTEXT_L>Colonna</SCRTEXT_L>
    </item>
    <item>
     <DDLANGUAGE>J</DDLANGUAGE>
     <DDTEXT>列</DDTEXT>
     <SCRTEXT_S>列</SCRTEXT_S>
     <SCRTEXT_M>列</SCRTEXT_M>
     <SCRTEXT_L>列</SCRTEXT_L>
    </item>
    <item>
     <DDLANGUAGE>K</DDLANGUAGE>
     <DDTEXT>Kolonne</DDTEXT>
     <SCRTEXT_S>Kolonne</SCRTEXT_S>
     <SCRTEXT_M>Kolonne</SCRTEXT_M>
     <SCRTEXT_L>Kolonne</SCRTEXT_L>
    </item>
    <item>
     <DDLANGUAGE>L</DDLANGUAGE>
     <DDTEXT>Kolumna</DDTEXT>
     <SCRTEXT_S>Kolumna</SCRTEXT_S>
     <SCRTEXT_M>Kolumna</SCRTEXT_M>
     <SCRTEXT_L>Kolumna</SCRTEXT_L>
    </item>
    <item>
     <DDLANGUAGE>M</DDLANGUAGE>
     <DDTEXT>欄</DDTEXT>
     <SCRTEXT_S>欄</SCRTEXT_S>
     <SCRTEXT_M>欄</SCRTEXT_M>
     <SCRTEXT_L>欄</SCRTEXT_L>
    </item>
    <item>
     <DDLANGUAGE>N</DDLANGUAGE>
     <DDTEXT>Kolom</DDTEXT>
     <SCRTEXT_S>Kolom</SCRTEXT_S>
     <SCRTEXT_M>Kolom</SCRTEXT_M>
     <SCRTEXT_L>Kolom</SCRTEXT_L>
    </item>
    <item>
     <DDLANGUAGE>O</DDLANGUAGE>
     <DDTEXT>Kolonne</DDTEXT>
     <SCRTEXT_S>Kolonne</SCRTEXT_S>
     <SCRTEXT_M>Kolonne</SCRTEXT_M>
     <SCRTEXT_L>Kolonne</SCRTEXT_L>
    </item>
    <item>
     <DDLANGUAGE>P</DDLANGUAGE>
     <DDTEXT>Coluna</DDTEXT>
     <SCRTEXT_S>Coluna</SCRTEXT_S>
     <SCRTEXT_M>Coluna</SCRTEXT_M>
     <SCRTEXT_L>Coluna</SCRTEXT_L>
    </item>
    <item>
     <DDLANGUAGE>Q</DDLANGUAGE>
     <DDTEXT>Stĺpec</DDTEXT>
     <SCRTEXT_S>Stĺpec</SCRTEXT_S>
     <SCRTEXT_M>Stĺpec</SCRTEXT_M>
     <SCRTEXT_L>Stĺpec</SCRTEXT_L>
    </item>
    <item>
     <DDLANGUAGE>R</DDLANGUAGE>
     <DDTEXT>Столбец</DDTEXT>
     <SCRTEXT_S>Столбец</SCRTEXT_S>
     <SCRTEXT_M>Столбец</SCRTEXT_M>
     <SCRTEXT_L>Столбец</SCRTEXT_L>
    </item>
    <item>
     <DDLANGUAGE>S</DDLANGUAGE>
     <DDTEXT>Columna</DDTEXT>
     <SCRTEXT_S>Columna</SCRTEXT_S>
     <SCRTEXT_M>Columna</SCRTEXT_M>
     <SCRTEXT_L>Columna</SCRTEXT_L>
    </item>
    <item>
     <DDLANGUAGE>T</DDLANGUAGE>
     <DDTEXT>Sütun</DDTEXT>
     <SCRTEXT_S>Sütun</SCRTEXT_S>
     <SCRTEXT_M>Sütun</SCRTEXT_M>
     <SCRTEXT_L>Sütun</SCRTEXT_L>
    </item>
    <item>
     <DDLANGUAGE>U</DDLANGUAGE>
     <DDTEXT>Sarake</DDTEXT>
     <SCRTEXT_S>Sarake</SCRTEXT_S>
     <SCRTEXT_M>Sarake</SCRTEXT_M>
     <SCRTEXT_L>Sarake</SCRTEXT_L>
    </item>
    <item>
     <DDLANGUAGE>V</DDLANGUAGE>
     <DDTEXT>Kolumn</DDTEXT>
     <SCRTEXT_S>Kolumn</SCRTEXT_S>
     <SCRTEXT_M>Kolumn</SCRTEXT_M>
     <SCRTEXT_L>Kolumn</SCRTEXT_L>
    </item>
    <item>
     <DDLANGUAGE>W</DDLANGUAGE>
     <DDTEXT>Колона</DDTEXT>
     <SCRTEXT_S>Колона</SCRTEXT_S>
     <SCRTEXT_M>Колона</SCRTEXT_M>
     <SCRTEXT_L>Колона</SCRTEXT_L>
    </item>
    <item>
     <DDLANGUAGE>X</DDLANGUAGE>
     <DDTEXT>Stulpelis</DDTEXT>
     <SCRTEXT_S>Stulpelis</SCRTEXT_S>
     <SCRTEXT_M>Stulpelis</SCRTEXT_M>
     <SCRTEXT_L>Stulpelis</SCRTEXT_L>
    </item>
    <item>
     <DDLANGUAGE>Y</DDLANGUAGE>
     <DDTEXT>Kolonna</DDTEXT>
     <SCRTEXT_S>Kolonna</SCRTEXT_S>
     <SCRTEXT_M>Kolonna</SCRTEXT_M>
     <SCRTEXT_L>Kolonna</SCRTEXT_L>
    </item>
    <item>
     <DDLANGUAGE>c</DDLANGUAGE>
     <DDTEXT>Columna</DDTEXT>
     <SCRTEXT_S>Columna</SCRTEXT_S>
     <SCRTEXT_M>Columna</SCRTEXT_M>
     <SCRTEXT_L>Columna</SCRTEXT_L>
    </item>
    <item>
     <DDLANGUAGE>d</DDLANGUAGE>
     <DDTEXT>Kolona</DDTEXT>
     <SCRTEXT_S>Kolona</SCRTEXT_S>
     <SCRTEXT_M>Kolona</SCRTEXT_M>
     <SCRTEXT_L>Kolona</SCRTEXT_L>
    </item>
    <item>
     <DDLANGUAGE>묩</DDLANGUAGE>
     <DDTEXT>स्तंभ</DDTEXT>
     <SCRTEXT_S>स्तंभ</SCRTEXT_S>
     <SCRTEXT_M>स्तंभ</SCRTEXT_M>
     <SCRTEXT_L>स्तंभ</SCRTEXT_L>
    </item>
    <item>
     <DDLANGUAGE>뱋</DDLANGUAGE>
     <DDTEXT>Баған</DDTEXT>
     <SCRTEXT_S>Баған</SCRTEXT_S>
     <SCRTEXT_M>Баған</SCRTEXT_M>
     <SCRTEXT_L>Баған</SCRTEXT_L>
    </item>
    <item>
     <DDLANGUAGE>쁩</DDLANGUAGE>
     <DDTEXT>Cột</DDTEXT>
     <SCRTEXT_S>Cột</SCRTEXT_S>
     <SCRTEXT_M>Cột</SCRTEXT_M>
     <SCRTEXT_L>Cột</SCRTEXT_L>
    </item>
   </DD04_TEXTS>
  </asx:values>
 </asx:abap>
</abapGit>
