﻿<?xml version="1.0" encoding="utf-8"?>
<abapGit version="v1.0.0" serializer="LCL_OBJECT_DTEL" serializer_version="v1.0.0">
 <asx:abap xmlns:asx="http://www.sap.com/abapxml" version="1.0">
  <asx:values>
   <DD04V>
    <ROLLNAME>ZKCD_TEXT128</ROLLNAME>
    <DDLANGUAGE>3</DDLANGUAGE>
    <DOMNAME>TEXT128</DOMNAME>
    <HEADLEN>04</HEADLEN>
    <SCRLEN1>10</SCRLEN1>
    <SCRLEN2>15</SCRLEN2>
    <SCRLEN3>20</SCRLEN3>
    <DDTEXT>길이 32, 대소문자 구분 텍스트</DDTEXT>
    <REPTEXT>Text</REPTEXT>
    <SCRTEXT_S>텍스트</SCRTEXT_S>
    <SCRTEXT_M>텍스트</SCRTEXT_M>
    <SCRTEXT_L>텍스트</SCRTEXT_L>
    <DTELMASTER>D</DTELMASTER>
    <REFKIND>D</REFKIND>
   </DD04V>
   <I18N_LANGS>
    <LANGU>1</LANGU>
    <LANGU>2</LANGU>
    <LANGU>4</LANGU>
    <LANGU>5</LANGU>
    <LANGU>6</LANGU>
    <LANGU>7</LANGU>
    <LANGU>8</LANGU>
    <LANGU>9</LANGU>
    <LANGU>A</LANGU>
    <LANGU>B</LANGU>
    <LANGU>C</LANGU>
    <LANGU>D</LANGU>
    <LANGU>E</LANGU>
    <LANGU>F</LANGU>
    <LANGU>G</LANGU>
    <LANGU>H</LANGU>
    <LANGU>I</LANGU>
    <LANGU>J</LANGU>
    <LANGU>K</LANGU>
    <LANGU>L</LANGU>
    <LANGU>M</LANGU>
    <LANGU>N</LANGU>
    <LANGU>O</LANGU>
    <LANGU>P</LANGU>
    <LANGU>Q</LANGU>
    <LANGU>R</LANGU>
    <LANGU>S</LANGU>
    <LANGU>T</LANGU>
    <LANGU>U</LANGU>
    <LANGU>V</LANGU>
    <LANGU>W</LANGU>
    <LANGU>X</LANGU>
    <LANGU>Y</LANGU>
    <LANGU>c</LANGU>
    <LANGU>d</LANGU>
    <LANGU>묩</LANGU>
    <LANGU>뱋</LANGU>
    <LANGU>쁩</LANGU>
   </I18N_LANGS>
   <DD04_TEXTS>
    <item>
     <DDLANGUAGE>1</DDLANGUAGE>
     <DDTEXT>长度为 32 的文本，区分大小写</DDTEXT>
     <REPTEXT>文本</REPTEXT>
     <SCRTEXT_S>文本</SCRTEXT_S>
     <SCRTEXT_M>文本</SCRTEXT_M>
     <SCRTEXT_L>文本</SCRTEXT_L>
    </item>
    <item>
     <DDLANGUAGE>2</DDLANGUAGE>
     <DDTEXT>ข้อความที่มีความยาว 32, เทียบตรงตามตัวพิมพ์ใหญ่-เล็ก</DDTEXT>
     <REPTEXT>ข/ค</REPTEXT>
     <SCRTEXT_S>ข้อความ</SCRTEXT_S>
     <SCRTEXT_M>ข้อความ</SCRTEXT_M>
     <SCRTEXT_L>ข้อความ</SCRTEXT_L>
    </item>
    <item>
     <DDLANGUAGE>4</DDLANGUAGE>
     <DDTEXT>Text cu lungime 32, dependent de majuscule/minuscule</DDTEXT>
     <REPTEXT>Text</REPTEXT>
     <SCRTEXT_S>Text</SCRTEXT_S>
     <SCRTEXT_M>Text</SCRTEXT_M>
     <SCRTEXT_L>Text</SCRTEXT_L>
    </item>
    <item>
     <DDLANGUAGE>5</DDLANGUAGE>
     <DDTEXT>Tekst dolž. 32, velike/male črke</DDTEXT>
     <REPTEXT>Tks</REPTEXT>
     <SCRTEXT_S>Tekst</SCRTEXT_S>
     <SCRTEXT_M>Tekst</SCRTEXT_M>
     <SCRTEXT_L>Tekst</SCRTEXT_L>
    </item>
    <item>
     <DDLANGUAGE>6</DDLANGUAGE>
     <DDTEXT>Tekst dužine 32, osjetljivo na velika/mala slova</DDTEXT>
     <REPTEXT>Tkst</REPTEXT>
     <SCRTEXT_S>Tekst</SCRTEXT_S>
     <SCRTEXT_M>Tekst</SCRTEXT_M>
     <SCRTEXT_L>Tekst</SCRTEXT_L>
    </item>
    <item>
     <DDLANGUAGE>7</DDLANGUAGE>
     <DDTEXT>Teks dengan Panjang 32, Sensitif Huruf</DDTEXT>
     <REPTEXT>Teks</REPTEXT>
     <SCRTEXT_S>Teks</SCRTEXT_S>
     <SCRTEXT_M>Teks</SCRTEXT_M>
     <SCRTEXT_L>Teks</SCRTEXT_L>
    </item>
    <item>
     <DDLANGUAGE>8</DDLANGUAGE>
     <DDTEXT>Текст із довжиною 32, з урахуванням регістру</DDTEXT>
     <REPTEXT>Тек.</REPTEXT>
     <SCRTEXT_S>Текст</SCRTEXT_S>
     <SCRTEXT_M>Текст</SCRTEXT_M>
     <SCRTEXT_L>Текст</SCRTEXT_L>
    </item>
    <item>
     <DDLANGUAGE>9</DDLANGUAGE>
     <DDTEXT>Tekst pikkusega 32, tõstutundlik</DDTEXT>
     <REPTEXT>Tkst</REPTEXT>
     <SCRTEXT_S>Tekst</SCRTEXT_S>
     <SCRTEXT_M>Tekst</SCRTEXT_M>
     <SCRTEXT_L>Tekst</SCRTEXT_L>
    </item>
    <item>
     <DDLANGUAGE>A</DDLANGUAGE>
     <DDTEXT>نص بطول 32 حرفًا، يتبع حالة الأحرف</DDTEXT>
     <REPTEXT>نص</REPTEXT>
     <SCRTEXT_S>نص</SCRTEXT_S>
     <SCRTEXT_M>نص</SCRTEXT_M>
     <SCRTEXT_L>نص</SCRTEXT_L>
    </item>
    <item>
     <DDLANGUAGE>B</DDLANGUAGE>
     <DDTEXT>טקסט באורך 32, תלוי רישיות</DDTEXT>
     <REPTEXT>טקסט</REPTEXT>
     <SCRTEXT_S>טקסט</SCRTEXT_S>
     <SCRTEXT_M>טקסט</SCRTEXT_M>
     <SCRTEXT_L>טקסט</SCRTEXT_L>
    </item>
    <item>
     <DDLANGUAGE>C</DDLANGUAGE>
     <DDTEXT>Text délky 32, velké/malé písmo</DDTEXT>
     <REPTEXT>Text</REPTEXT>
     <SCRTEXT_S>Text</SCRTEXT_S>
     <SCRTEXT_M>Text</SCRTEXT_M>
     <SCRTEXT_L>Text</SCRTEXT_L>
    </item>
    <item>
     <DDLANGUAGE>D</DDLANGUAGE>
     <DDTEXT>Text in der Länge 128 , Gross/Kleinschreibung</DDTEXT>
     <REPTEXT>Text</REPTEXT>
     <SCRTEXT_S>Text128</SCRTEXT_S>
     <SCRTEXT_M>Text128</SCRTEXT_M>
     <SCRTEXT_L>Text128</SCRTEXT_L>
    </item>
    <item>
     <DDLANGUAGE>E</DDLANGUAGE>
     <DDTEXT>Text with Length 32, Case-Sensitive</DDTEXT>
     <REPTEXT>Text</REPTEXT>
     <SCRTEXT_S>Text</SCRTEXT_S>
     <SCRTEXT_M>Text</SCRTEXT_M>
     <SCRTEXT_L>Text</SCRTEXT_L>
    </item>
    <item>
     <DDLANGUAGE>F</DDLANGUAGE>
     <DDTEXT>Texte de longueur 32, écriture majuscule/minuscule</DDTEXT>
     <REPTEXT>Txte</REPTEXT>
     <SCRTEXT_S>Texte</SCRTEXT_S>
     <SCRTEXT_M>Texte</SCRTEXT_M>
     <SCRTEXT_L>Texte</SCRTEXT_L>
    </item>
    <item>
     <DDLANGUAGE>G</DDLANGUAGE>
     <DDTEXT>Κείμενο με μήκος 32, Διάκρ.Πεζών-Κεφαλαίων</DDTEXT>
     <REPTEXT>Κείμ</REPTEXT>
     <SCRTEXT_S>Κείμενο</SCRTEXT_S>
     <SCRTEXT_M>Κείμενο</SCRTEXT_M>
     <SCRTEXT_L>Κείμενο</SCRTEXT_L>
    </item>
    <item>
     <DDLANGUAGE>H</DDLANGUAGE>
     <DDTEXT>Szöveg  32 hosszúságú, nagy/kisbetűs írás</DDTEXT>
     <REPTEXT>Szöv</REPTEXT>
     <SCRTEXT_S>Szöveg</SCRTEXT_S>
     <SCRTEXT_M>Szöveg</SCRTEXT_M>
     <SCRTEXT_L>Szöveg</SCRTEXT_L>
    </item>
    <item>
     <DDLANGUAGE>I</DDLANGUAGE>
     <DDTEXT>Testo (32 posizioni - scrittura maiuscola/minuscola)</DDTEXT>
     <REPTEXT>Tst.</REPTEXT>
     <SCRTEXT_S>Testo</SCRTEXT_S>
     <SCRTEXT_M>Testo</SCRTEXT_M>
     <SCRTEXT_L>Testo</SCRTEXT_L>
    </item>
    <item>
     <DDLANGUAGE>J</DDLANGUAGE>
     <DDTEXT>長さ 32 のテキスト、大文字/小文字区別あり</DDTEXT>
     <REPTEXT>Text</REPTEXT>
     <SCRTEXT_S>テキスト</SCRTEXT_S>
     <SCRTEXT_M>テキスト</SCRTEXT_M>
     <SCRTEXT_L>テキスト</SCRTEXT_L>
    </item>
    <item>
     <DDLANGUAGE>K</DDLANGUAGE>
     <DDTEXT>Tekstlængde 32, med stort/småt</DDTEXT>
     <REPTEXT>Text</REPTEXT>
     <SCRTEXT_S>Tekst</SCRTEXT_S>
     <SCRTEXT_M>Tekst</SCRTEXT_M>
     <SCRTEXT_L>Tekst</SCRTEXT_L>
    </item>
    <item>
     <DDLANGUAGE>L</DDLANGUAGE>
     <DDTEXT>Tekst o długości 32 znaków, duże/małe litery</DDTEXT>
     <REPTEXT>Tek.</REPTEXT>
     <SCRTEXT_S>Tekst</SCRTEXT_S>
     <SCRTEXT_M>Tekst</SCRTEXT_M>
     <SCRTEXT_L>Tekst</SCRTEXT_L>
    </item>
    <item>
     <DDLANGUAGE>M</DDLANGUAGE>
     <DDTEXT>長度 32 的文字，區分大小寫</DDTEXT>
     <REPTEXT>內文</REPTEXT>
     <SCRTEXT_S>內文</SCRTEXT_S>
     <SCRTEXT_M>內文</SCRTEXT_M>
     <SCRTEXT_L>內文</SCRTEXT_L>
    </item>
    <item>
     <DDLANGUAGE>N</DDLANGUAGE>
     <DDTEXT>Tekst van lengte 32, hoofdletters/kleine letters</DDTEXT>
     <REPTEXT>Txt</REPTEXT>
     <SCRTEXT_S>Tekst</SCRTEXT_S>
     <SCRTEXT_M>Tekst</SCRTEXT_M>
     <SCRTEXT_L>Tekst</SCRTEXT_L>
    </item>
    <item>
     <DDLANGUAGE>O</DDLANGUAGE>
     <DDTEXT>Tekst med 32 posisjoner, store/små bokstaver</DDTEXT>
     <REPTEXT>Tkst</REPTEXT>
     <SCRTEXT_S>Tekst</SCRTEXT_S>
     <SCRTEXT_M>Tekst</SCRTEXT_M>
     <SCRTEXT_L>Tekst</SCRTEXT_L>
    </item>
    <item>
     <DDLANGUAGE>P</DDLANGUAGE>
     <DDTEXT>Texto de comprimento 32, letras maiúsculas/minúsculas</DDTEXT>
     <REPTEXT>Txt.</REPTEXT>
     <SCRTEXT_S>Texto</SCRTEXT_S>
     <SCRTEXT_M>Texto</SCRTEXT_M>
     <SCRTEXT_L>Texto</SCRTEXT_L>
    </item>
    <item>
     <DDLANGUAGE>Q</DDLANGUAGE>
     <DDTEXT>Text dĺžky 32, veľké/malé písmo</DDTEXT>
     <REPTEXT>Text</REPTEXT>
     <SCRTEXT_S>Text</SCRTEXT_S>
     <SCRTEXT_M>Text</SCRTEXT_M>
     <SCRTEXT_L>Text</SCRTEXT_L>
    </item>
    <item>
     <DDLANGUAGE>R</DDLANGUAGE>
     <DDTEXT>Текст (длина 32), написание с большой/маленькой буквы</DDTEXT>
     <REPTEXT>Ткст</REPTEXT>
     <SCRTEXT_S>Текст</SCRTEXT_S>
     <SCRTEXT_M>Текст</SCRTEXT_M>
     <SCRTEXT_L>Текст</SCRTEXT_L>
    </item>
    <item>
     <DDLANGUAGE>S</DDLANGUAGE>
     <DDTEXT>Texto, longitud 32, con mayúsculas/minúsculas</DDTEXT>
     <REPTEXT>Txt.</REPTEXT>
     <SCRTEXT_S>Texto</SCRTEXT_S>
     <SCRTEXT_M>Texto</SCRTEXT_M>
     <SCRTEXT_L>Texto</SCRTEXT_L>
    </item>
    <item>
     <DDLANGUAGE>T</DDLANGUAGE>
     <DDTEXT>32 kartakterlik metin, büyük/küçük harf</DDTEXT>
     <REPTEXT>Mtn.</REPTEXT>
     <SCRTEXT_S>Metin</SCRTEXT_S>
     <SCRTEXT_M>Metin</SCRTEXT_M>
     <SCRTEXT_L>Metin</SCRTEXT_L>
    </item>
    <item>
     <DDLANGUAGE>U</DDLANGUAGE>
     <DDTEXT>Teksti, jonka pituus 32, kirjainkoko</DDTEXT>
     <REPTEXT>Tks</REPTEXT>
     <SCRTEXT_S>Teksti</SCRTEXT_S>
     <SCRTEXT_M>Teksti</SCRTEXT_M>
     <SCRTEXT_L>Teksti</SCRTEXT_L>
    </item>
    <item>
     <DDLANGUAGE>V</DDLANGUAGE>
     <DDTEXT>Text (32 pos.), versaler/gemener</DDTEXT>
     <REPTEXT>Text</REPTEXT>
     <SCRTEXT_S>Text</SCRTEXT_S>
     <SCRTEXT_M>Text</SCRTEXT_M>
     <SCRTEXT_L>Text</SCRTEXT_L>
    </item>
    <item>
     <DDLANGUAGE>W</DDLANGUAGE>
     <DDTEXT>Дължина на текст 32, зависимост от главни/малки букви</DDTEXT>
     <REPTEXT>Ткст</REPTEXT>
     <SCRTEXT_S>Текст</SCRTEXT_S>
     <SCRTEXT_M>Текст</SCRTEXT_M>
     <SCRTEXT_L>Текст</SCRTEXT_L>
    </item>
    <item>
     <DDLANGUAGE>X</DDLANGUAGE>
     <DDTEXT>Teksto ilgis 32, didžiosios/mažosios raidės</DDTEXT>
     <REPTEXT>Tek.</REPTEXT>
     <SCRTEXT_S>Tekstas</SCRTEXT_S>
     <SCRTEXT_M>Tekstas</SCRTEXT_M>
     <SCRTEXT_L>Tekstas</SCRTEXT_L>
    </item>
    <item>
     <DDLANGUAGE>Y</DDLANGUAGE>
     <DDTEXT>Teksta garums 32, reģistrjutīgs</DDTEXT>
     <REPTEXT>Tkst</REPTEXT>
     <SCRTEXT_S>Teksts</SCRTEXT_S>
     <SCRTEXT_M>Teksts</SCRTEXT_M>
     <SCRTEXT_L>Teksts</SCRTEXT_L>
    </item>
    <item>
     <DDLANGUAGE>c</DDLANGUAGE>
     <DDTEXT>Text de longitud 32 , majúscules/minúscules</DDTEXT>
     <REPTEXT>Text</REPTEXT>
     <SCRTEXT_S>Text</SCRTEXT_S>
     <SCRTEXT_M>Text</SCRTEXT_M>
     <SCRTEXT_L>Text</SCRTEXT_L>
    </item>
    <item>
     <DDLANGUAGE>d</DDLANGUAGE>
     <DDTEXT>Teksta dužine 32, razlikuje velika i mala slova</DDTEXT>
     <REPTEXT>Tks</REPTEXT>
     <SCRTEXT_S>Tekst</SCRTEXT_S>
     <SCRTEXT_M>Tekst</SCRTEXT_M>
     <SCRTEXT_L>Tekst</SCRTEXT_L>
    </item>
    <item>
     <DDLANGUAGE>묩</DDLANGUAGE>
     <DDTEXT>टेक्स्ट लंबाई 32, केस-संवेदनशील</DDTEXT>
     <REPTEXT>टे.</REPTEXT>
     <SCRTEXT_S>टेक्स्ट</SCRTEXT_S>
     <SCRTEXT_M>टेक्स्ट</SCRTEXT_M>
     <SCRTEXT_L>टेक्स्ट</SCRTEXT_L>
    </item>
    <item>
     <DDLANGUAGE>뱋</DDLANGUAGE>
     <DDTEXT>Мәтін ұзындығы 32, регистрге тәуелді</DDTEXT>
     <REPTEXT>Мтн</REPTEXT>
     <SCRTEXT_S>Мәтін</SCRTEXT_S>
     <SCRTEXT_M>Мәтін</SCRTEXT_M>
     <SCRTEXT_L>Мәтін</SCRTEXT_L>
    </item>
    <item>
     <DDLANGUAGE>쁩</DDLANGUAGE>
     <DDTEXT>Văn bản có độ dài 32, chữ hoa/chữ thường</DDTEXT>
     <REPTEXT>VB</REPTEXT>
     <SCRTEXT_S>Văn bản</SCRTEXT_S>
     <SCRTEXT_M>Văn bản</SCRTEXT_M>
     <SCRTEXT_L>Văn bản</SCRTEXT_L>
    </item>
   </DD04_TEXTS>
  </asx:values>
 </asx:abap>
</abapGit>
