﻿<?xml version="1.0" encoding="utf-8"?>
<abapGit version="v1.0.0" serializer="LCL_OBJECT_TABL" serializer_version="v1.0.0">
 <asx:abap xmlns:asx="http://www.sap.com/abapxml" version="1.0">
  <asx:values>
   <DD02V>
    <TABNAME>ZKCDE_CELLS</TABNAME>
    <DDLANGUAGE>3</DDLANGUAGE>
    <TABCLASS>INTTAB</TABCLASS>
    <DDTEXT>가변적인 엑셀 업로드에 대한 플랫 구조의 셀</DDTEXT>
    <MASTERLANG>D</MASTERLANG>
    <EXCLASS>3</EXCLASS>
   </DD02V>
   <DD03P_TABLE>
    <DD03P>
     <FIELDNAME>ROW</FIELDNAME>
     <ROLLNAME>KCD_EX_ROW_N</ROLLNAME>
     <ADMINFIELD>0</ADMINFIELD>
     <COMPTYPE>E</COMPTYPE>
    </DD03P>
    <DD03P>
     <FIELDNAME>COL</FIELDNAME>
     <ROLLNAME>KCD_EX_COL_N</ROLLNAME>
     <ADMINFIELD>0</ADMINFIELD>
     <COMPTYPE>E</COMPTYPE>
    </DD03P>
    <DD03P>
     <FIELDNAME>VALUE</FIELDNAME>
     <ROLLNAME>ZKCD_TEXT128</ROLLNAME>
     <ADMINFIELD>0</ADMINFIELD>
     <COMPTYPE>E</COMPTYPE>
    </DD03P>
   </DD03P_TABLE>
   <I18N_LANGS>
    <LANGU>1</LANGU>
    <LANGU>2</LANGU>
    <LANGU>4</LANGU>
    <LANGU>5</LANGU>
    <LANGU>6</LANGU>
    <LANGU>A</LANGU>
    <LANGU>B</LANGU>
    <LANGU>C</LANGU>
    <LANGU>D</LANGU>
    <LANGU>E</LANGU>
    <LANGU>F</LANGU>
    <LANGU>G</LANGU>
    <LANGU>H</LANGU>
    <LANGU>I</LANGU>
    <LANGU>J</LANGU>
    <LANGU>K</LANGU>
    <LANGU>L</LANGU>
    <LANGU>M</LANGU>
    <LANGU>N</LANGU>
    <LANGU>O</LANGU>
    <LANGU>P</LANGU>
    <LANGU>Q</LANGU>
    <LANGU>R</LANGU>
    <LANGU>S</LANGU>
    <LANGU>T</LANGU>
    <LANGU>U</LANGU>
    <LANGU>V</LANGU>
    <LANGU>W</LANGU>
    <LANGU>c</LANGU>
    <LANGU>d</LANGU>
   </I18N_LANGS>
   <DD02_TEXTS>
    <item>
     <DDLANGUAGE>1</DDLANGUAGE>
     <DDTEXT>用于灵活的Excel上载的结构的单元</DDTEXT>
    </item>
    <item>
     <DDLANGUAGE>2</DDLANGUAGE>
     <DDTEXT>เซลในโครงสร้างแบนสำหรับอัพโหลด Excel ที่แก้ได้</DDTEXT>
    </item>
    <item>
     <DDLANGUAGE>4</DDLANGUAGE>
     <DDTEXT>Celule în structură plană pt.încărcare Excel flexibil:</DDTEXT>
    </item>
    <item>
     <DDLANGUAGE>5</DDLANGUAGE>
     <DDTEXT>Celice v ploski strukturi za fleksibilno nalag. Excel-a</DDTEXT>
    </item>
    <item>
     <DDLANGUAGE>6</DDLANGUAGE>
     <DDTEXT>Ćelije u plosnatoj strukturi za fleksibilno Excel učitavanje</DDTEXT>
    </item>
    <item>
     <DDLANGUAGE>A</DDLANGUAGE>
     <DDTEXT>خلايا في البنية المسطحة لتحميل Excel المرن</DDTEXT>
    </item>
    <item>
     <DDLANGUAGE>B</DDLANGUAGE>
     <DDTEXT>תאים במבנה קבוע עבור טעינת Excel גמישה</DDTEXT>
    </item>
    <item>
     <DDLANGUAGE>C</DDLANGUAGE>
     <DDTEXT>Buňky v ploché struktuře pro flexibilní upload Excelu</DDTEXT>
    </item>
    <item>
     <DDLANGUAGE>D</DDLANGUAGE>
     <DDTEXT>Cellen in Flacher Struktur für Flexibelen Excelupload</DDTEXT>
    </item>
    <item>
     <DDLANGUAGE>E</DDLANGUAGE>
     <DDTEXT>Cells in Flat Structure for Flexible Excel Upload</DDTEXT>
    </item>
    <item>
     <DDLANGUAGE>F</DDLANGUAGE>
     <DDTEXT>Cellules en struct. simple pour télécharg. Excel flexible</DDTEXT>
    </item>
    <item>
     <DDLANGUAGE>G</DDLANGUAGE>
     <DDTEXT>Κελιά σε Επίπεδη Δομή για Ευέλικτη Φόρτωση Excel</DDTEXT>
    </item>
    <item>
     <DDLANGUAGE>H</DDLANGUAGE>
     <DDTEXT>Rugalmas Excel-feltöltés: lapos struktúrájú cellák</DDTEXT>
    </item>
    <item>
     <DDLANGUAGE>I</DDLANGUAGE>
     <DDTEXT>Celle in struttura piatta per upload flessibile Excel</DDTEXT>
    </item>
    <item>
     <DDLANGUAGE>J</DDLANGUAGE>
     <DDTEXT>フレキシブル Excel アップロードフラット構造のセル</DDTEXT>
    </item>
    <item>
     <DDLANGUAGE>K</DDLANGUAGE>
     <DDTEXT>Celler i flad struktur til fleksibel excel-upload</DDTEXT>
    </item>
    <item>
     <DDLANGUAGE>L</DDLANGUAGE>
     <DDTEXT>Komórki w strukt. dwuwymiar. dla elast.odczytu z pliku Excel</DDTEXT>
    </item>
    <item>
     <DDLANGUAGE>M</DDLANGUAGE>
     <DDTEXT>彈性 Excel 上載其固定結構中的單元</DDTEXT>
    </item>
    <item>
     <DDLANGUAGE>N</DDLANGUAGE>
     <DDTEXT>Cellen in platte structuur voor flexibele Excel-upload</DDTEXT>
    </item>
    <item>
     <DDLANGUAGE>O</DDLANGUAGE>
     <DDTEXT>Celler i flat struktur for fleksibel opplasting - Excel</DDTEXT>
    </item>
    <item>
     <DDLANGUAGE>P</DDLANGUAGE>
     <DDTEXT>Céculas em estrutura plana p/upload flexível de excel</DDTEXT>
    </item>
    <item>
     <DDLANGUAGE>Q</DDLANGUAGE>
     <DDTEXT>Buňky v plochých štruktúrach pre flexib.upload Excelu</DDTEXT>
    </item>
    <item>
     <DDLANGUAGE>R</DDLANGUAGE>
     <DDTEXT>Ячейки в плоской структуре для гибкой Excel-загрузки</DDTEXT>
    </item>
    <item>
     <DDLANGUAGE>S</DDLANGUAGE>
     <DDTEXT>Celdas en estructura plana para upload flexible Excel</DDTEXT>
    </item>
    <item>
     <DDLANGUAGE>T</DDLANGUAGE>
     <DDTEXT>Esnek Excel yukarı yüklemesi için düz yapıda hücreler</DDTEXT>
    </item>
    <item>
     <DDLANGUAGE>U</DDLANGUAGE>
     <DDTEXT>Solut vaakarakenteessa joustavaan Excel-puhurointiin</DDTEXT>
    </item>
    <item>
     <DDLANGUAGE>V</DDLANGUAGE>
     <DDTEXT>Celler i platt struktur för flexibel Excel-inläsning</DDTEXT>
    </item>
    <item>
     <DDLANGUAGE>W</DDLANGUAGE>
     <DDTEXT>Клетки в плоска структура за гъвкаво Excel зареждане</DDTEXT>
    </item>
    <item>
     <DDLANGUAGE>c</DDLANGUAGE>
     <DDTEXT>Cel-les a estructura plana per a upload Excel flexible</DDTEXT>
    </item>
    <item>
     <DDLANGUAGE>d</DDLANGUAGE>
     <DDTEXT>Ćelije u ravnoj strukturi za fleksibilni prenos Excel-a</DDTEXT>
    </item>
   </DD02_TEXTS>
  </asx:values>
 </asx:abap>
</abapGit>
