﻿<?xml version="1.0" encoding="utf-8"?>
<abapGit version="v1.0.0" serializer="LCL_OBJECT_SFPI" serializer_version="v1.0.0">
 <asx:abap version="1.0" xmlns:asx="http://www.sap.com/abapxml">
  <asx:values>
   <VERSION>1</VERSION>
   <TYPE/>
   <INTERFACE href="#o1"/>
   <INTERFACET>
    <FPINTERFACET>
     <NAME/>
     <STATE/>
     <LANGUAGE>3</LANGUAGE>
     <ID/>
     <TEXT>LE_SHP_DELNOTE</TEXT>
    </FPINTERFACET>
   </INTERFACET>
  </asx:values>
  <asx:heap xmlns:xsd="http://www.w3.org/2001/XMLSchema" xmlns:abap="http://www.sap.com/abapxml/types/built-in" xmlns:cls="http://www.sap.com/abapxml/classes/global" xmlns:dic="http://www.sap.com/abapxml/types/dictionary">
   <cls:CL_FP_INTERFACE_DATA id="o1">
    <CL_FP_INTERFACE_DATA classVersion="1">
     <CODING href="#o5"/>
     <PARAMETERS href="#o4"/>
     <GLOBAL_DEFINITIONS href="#o3"/>
     <REFERENCE_FIELDS href="#o2"/>
     <XSD_DEFINITIONS/>
    </CL_FP_INTERFACE_DATA>
   </cls:CL_FP_INTERFACE_DATA>
   <cls:CL_FP_REFERENCE_FIELDS id="o2">
    <CL_FP_INTERFACE_DATA_CHANGED classVersion="1">
     <INTERFACE_DATA href="#o1"/>
    </CL_FP_INTERFACE_DATA_CHANGED>
    <CL_FP_REFERENCE_FIELDS classVersion="1">
     <REFERENCE_FIELDS>
      <SFPREF>
       <ACTIVE/>
       <STANDARD/>
       <DATATYPE>QUAN</DATATYPE>
       <VALUE>IT_DELNOTEP-LFIMG</VALUE>
       <UNIT>IT_DELNOTEP-VRKME</UNIT>
      </SFPREF>
      <SFPREF>
       <ACTIVE/>
       <STANDARD/>
       <DATATYPE>CURR</DATATYPE>
       <VALUE>IT_DELNOTEP-NETPR</VALUE>
       <UNIT>IT_DELNOTEP-WAERK</UNIT>
      </SFPREF>
      <SFPREF>
       <ACTIVE/>
       <STANDARD/>
       <DATATYPE>CURR</DATATYPE>
       <VALUE>IT_DELNOTEP-NETWR</VALUE>
       <UNIT>IT_DELNOTEP-WAERK</UNIT>
      </SFPREF>
      <SFPREF>
       <ACTIVE/>
       <STANDARD/>
       <DATATYPE>CURR</DATATYPE>
       <VALUE>IT_DELNOTEP-MWSBP</VALUE>
       <UNIT>IT_DELNOTEP-WAERK</UNIT>
      </SFPREF>
      <SFPREF>
       <ACTIVE/>
       <STANDARD/>
       <DATATYPE>QUAN</DATATYPE>
       <VALUE>GT_DELNOTEP-LFIMG</VALUE>
       <UNIT>GT_DELNOTEP-VRKME</UNIT>
      </SFPREF>
      <SFPREF>
       <ACTIVE/>
       <STANDARD/>
       <DATATYPE>CURR</DATATYPE>
       <VALUE>GT_DELNOTEP-NETPR</VALUE>
       <UNIT>GT_DELNOTEP-WAERK</UNIT>
      </SFPREF>
      <SFPREF>
       <ACTIVE/>
       <STANDARD/>
       <DATATYPE>CURR</DATATYPE>
       <VALUE>GT_DELNOTEP-NETWR</VALUE>
       <UNIT>GT_DELNOTEP-WAERK</UNIT>
      </SFPREF>
      <SFPREF>
       <ACTIVE/>
       <STANDARD/>
       <DATATYPE>CURR</DATATYPE>
       <VALUE>GT_DELNOTEP-MWSBP</VALUE>
       <UNIT>GT_DELNOTEP-WAERK</UNIT>
      </SFPREF>
      <SFPREF>
       <ACTIVE/>
       <STANDARD/>
       <DATATYPE>CURR</DATATYPE>
       <VALUE>GV_TTNETWR</VALUE>
       <UNIT>IS_DELNOTEH-WAERK</UNIT>
      </SFPREF>
      <SFPREF>
       <ACTIVE/>
       <STANDARD/>
       <DATATYPE>CURR</DATATYPE>
       <VALUE>GV_TTNETVAT</VALUE>
       <UNIT>IS_DELNOTEH-WAERK</UNIT>
      </SFPREF>
     </REFERENCE_FIELDS>
    </CL_FP_REFERENCE_FIELDS>
   </cls:CL_FP_REFERENCE_FIELDS>
   <cls:CL_FP_GLOBAL_DEFINITIONS id="o3">
    <CL_FP_INTERFACE_DATA_CHANGED classVersion="1">
     <INTERFACE_DATA href="#o1"/>
    </CL_FP_INTERFACE_DATA_CHANGED>
    <CL_FP_GLOBAL_DEFINITIONS classVersion="1">
     <GLOBAL_DATA>
      <SFPGDATA>
       <NAME>GT_DELNOTEP</NAME>
       <TYPING>TYPE</TYPING>
       <TYPENAME>ZSDTY_DELNOTEP</TYPENAME>
       <DEFAULTVAL/>
       <CONSTANT/>
      </SFPGDATA>
      <SFPGDATA>
       <NAME>GV_TTNETWR</NAME>
       <TYPING>TYPE</TYPING>
       <TYPENAME>NETWR</TYPENAME>
       <DEFAULTVAL/>
       <CONSTANT/>
      </SFPGDATA>
      <SFPGDATA>
       <NAME>GV_TTNETVAT</NAME>
       <TYPING>TYPE</TYPING>
       <TYPENAME>NETWR</TYPENAME>
       <DEFAULTVAL/>
       <CONSTANT/>
      </SFPGDATA>
     </GLOBAL_DATA>
     <TYPES/>
     <FIELDSYMBOLS/>
    </CL_FP_GLOBAL_DEFINITIONS>
   </cls:CL_FP_GLOBAL_DEFINITIONS>
   <cls:CL_FP_PARAMETERS id="o4">
    <CL_FP_INTERFACE_DATA_CHANGED classVersion="1">
     <INTERFACE_DATA href="#o1"/>
    </CL_FP_INTERFACE_DATA_CHANGED>
    <CL_FP_PARAMETERS classVersion="1">
     <IMPORT_PARAMETERS>
      <SFPIOPAR>
       <NAME>ARCHIVE_INDEX</NAME>
       <TYPING>TYPE</TYPING>
       <TYPENAME>TOA_DARA</TYPENAME>
       <OPTIONAL>X</OPTIONAL>
       <BYVALUE>X</BYVALUE>
       <DEFAULTVAL/>
       <STANDARD/>
       <CONSTANT/>
      </SFPIOPAR>
      <SFPIOPAR>
       <NAME>ARCHIVE_INDEX_TAB</NAME>
       <TYPING>TYPE</TYPING>
       <TYPENAME>TSFDARA</TYPENAME>
       <OPTIONAL>X</OPTIONAL>
       <BYVALUE>X</BYVALUE>
       <DEFAULTVAL/>
       <STANDARD/>
       <CONSTANT/>
      </SFPIOPAR>
      <SFPIOPAR>
       <NAME>ARCHIVE_PARAMETERS</NAME>
       <TYPING>TYPE</TYPING>
       <TYPENAME>ARC_PARAMS</TYPENAME>
       <OPTIONAL>X</OPTIONAL>
       <BYVALUE>X</BYVALUE>
       <DEFAULTVAL/>
       <STANDARD/>
       <CONSTANT/>
      </SFPIOPAR>
      <SFPIOPAR>
       <NAME>CONTROL_PARAMETERS</NAME>
       <TYPING>TYPE</TYPING>
       <TYPENAME>SSFCTRLOP</TYPENAME>
       <OPTIONAL>X</OPTIONAL>
       <BYVALUE>X</BYVALUE>
       <DEFAULTVAL/>
       <STANDARD/>
       <CONSTANT/>
      </SFPIOPAR>
      <SFPIOPAR>
       <NAME>MAIL_APPL_OBJ</NAME>
       <TYPING>TYPE</TYPING>
       <TYPENAME>SWOTOBJID</TYPENAME>
       <OPTIONAL>X</OPTIONAL>
       <BYVALUE>X</BYVALUE>
       <DEFAULTVAL/>
       <STANDARD/>
       <CONSTANT/>
      </SFPIOPAR>
      <SFPIOPAR>
       <NAME>MAIL_RECIPIENT</NAME>
       <TYPING>TYPE</TYPING>
       <TYPENAME>SWOTOBJID</TYPENAME>
       <OPTIONAL>X</OPTIONAL>
       <BYVALUE>X</BYVALUE>
       <DEFAULTVAL/>
       <STANDARD/>
       <CONSTANT/>
      </SFPIOPAR>
      <SFPIOPAR>
       <NAME>MAIL_SENDER</NAME>
       <TYPING>TYPE</TYPING>
       <TYPENAME>SWOTOBJID</TYPENAME>
       <OPTIONAL>X</OPTIONAL>
       <BYVALUE>X</BYVALUE>
       <DEFAULTVAL/>
       <STANDARD/>
       <CONSTANT/>
      </SFPIOPAR>
      <SFPIOPAR>
       <NAME>OUTPUT_OPTIONS</NAME>
       <TYPING>TYPE</TYPING>
       <TYPENAME>SSFCOMPOP</TYPENAME>
       <OPTIONAL>X</OPTIONAL>
       <BYVALUE>X</BYVALUE>
       <DEFAULTVAL/>
       <STANDARD/>
       <CONSTANT/>
      </SFPIOPAR>
      <SFPIOPAR>
       <NAME>USER_SETTINGS</NAME>
       <TYPING>TYPE</TYPING>
       <TYPENAME>TDBOOL</TYPENAME>
       <OPTIONAL>X</OPTIONAL>
       <BYVALUE>X</BYVALUE>
       <DEFAULTVAL>&apos;X&apos;</DEFAULTVAL>
       <STANDARD/>
       <CONSTANT/>
      </SFPIOPAR>
      <SFPIOPAR>
       <NAME>IS_DELNOTEH</NAME>
       <TYPING>TYPE</TYPING>
       <TYPENAME>ZSDS_DELNOTEH</TYPENAME>
       <OPTIONAL/>
       <BYVALUE/>
       <DEFAULTVAL/>
       <STANDARD/>
       <CONSTANT/>
      </SFPIOPAR>
      <SFPIOPAR>
       <NAME>IT_DELNOTEP</NAME>
       <TYPING>TYPE</TYPING>
       <TYPENAME>ZSDTY_DELNOTEP</TYPENAME>
       <OPTIONAL/>
       <BYVALUE/>
       <DEFAULTVAL/>
       <STANDARD/>
       <CONSTANT/>
      </SFPIOPAR>
      <SFPIOPAR>
       <NAME>IS_NAST</NAME>
       <TYPING>TYPE</TYPING>
       <TYPENAME>NAST</TYPENAME>
       <OPTIONAL/>
       <BYVALUE/>
       <DEFAULTVAL/>
       <STANDARD/>
       <CONSTANT/>
      </SFPIOPAR>
     </IMPORT_PARAMETERS>
     <EXPORT_PARAMETERS/>
     <TABLE_PARAMETERS/>
     <EXCEPTIONS/>
    </CL_FP_PARAMETERS>
   </cls:CL_FP_PARAMETERS>
   <cls:CL_FP_CODING id="o5">
    <CL_FP_INTERFACE_DATA_CHANGED classVersion="1">
     <INTERFACE_DATA href="#o1"/>
    </CL_FP_INTERFACE_DATA_CHANGED>
    <CL_FP_CODING classVersion="1">
     <INPUT_PARAMETERS>
      <FPPARAMETER>IT_DELNOTEP</FPPARAMETER>
     </INPUT_PARAMETERS>
     <OUTPUT_PARAMETERS>
      <FPPARAMETER>GT_DELNOTEP</FPPARAMETER>
      <FPPARAMETER>GV_TTNETWR</FPPARAMETER>
      <FPPARAMETER>GV_TTNETVAT</FPPARAMETER>
     </OUTPUT_PARAMETERS>
     <INITIALIZATION>
      <FPCLINE/>
      <FPCLINE>CLEAR GT_DELNOTEP[].</FPCLINE>
      <FPCLINE/>
      <FPCLINE>MOVE-CORRESPONDING IT_DELNOTEP[] TO GT_DELNOTEP[].</FPCLINE>
      <FPCLINE/>
      <FPCLINE>CLEAR GV_TTNETWR.</FPCLINE>
      <FPCLINE>CLEAR GV_TTNETVAT.</FPCLINE>
      <FPCLINE/>
      <FPCLINE>LOOP AT IT_DELNOTEP ASSIGNING FIELD-SYMBOL(&lt;FS_DEL&gt;).</FPCLINE>
      <FPCLINE>  GV_TTNETWR = GV_TTNETWR + &lt;FS_DEL&gt;-NETWR.</FPCLINE>
      <FPCLINE>  GV_TTNETVAT = GV_TTNETVAT + &lt;FS_DEL&gt;-NETVAT.</FPCLINE>
      <FPCLINE>ENDLOOP.</FPCLINE>
     </INITIALIZATION>
     <FORMS/>
    </CL_FP_CODING>
   </cls:CL_FP_CODING>
  </asx:heap>
 </asx:abap>
</abapGit>
