﻿<?xml version="1.0" encoding="utf-8"?>
<abapGit version="v1.0.0" serializer="LCL_OBJECT_SFPF" serializer_version="v1.0.0">
 <asx:abap version="1.0" xmlns:asx="http://www.sap.com/abapxml">
  <asx:values>
   <VERSION>1</VERSION>
   <TYPE/>
   <INTERFACE>ZLE_SHP_DELNOTE</INTERFACE>
   <OFFLINEHANDLER/>
   <DATAPROVIDER/>
   <FRTYPE/>
   <CNTSET/>
   <FNTEMB/>
   <MIRRORING/>
   <CONTEXT href="#o2"/>
   <CONTEXTT>
    <FPCONTEXTT>
     <NAME/>
     <STATE/>
     <LANGUAGE>3</LANGUAGE>
     <ID/>
     <TEXT>거래명세표</TEXT>
    </FPCONTEXTT>
   </CONTEXTT>
   <LAYOUT href="#o1"/>
   <LAYOUTT>
    <FPLAYOUTT>
     <NAME/>
     <STATE/>
     <LANGUAGE>3</LANGUAGE>
     <ID/>
     <DIRTY/>
     <LAYOUT/>
     <LAYOUTM/>
    </FPLAYOUTT>
   </LAYOUTT>
  </asx:values>
  <asx:heap xmlns:xsd="http://www.w3.org/2001/XMLSchema" xmlns:abap="http://www.sap.com/abapxml/types/built-in" xmlns:cls="http://www.sap.com/abapxml/classes/global" xmlns:dic="http://www.sap.com/abapxml/types/dictionary">
   <cls:CL_FP_LAYOUT id="o1">
    <CL_FP_LAYOUT classVersion="1">
     <TRANSLATION_TYPE/>
     <CACHE_INFO/>
     <LAYOUT_TYPE>S</LAYOUT_TYPE>
     <FORM_TECH/>
    </CL_FP_LAYOUT>
   </cls:CL_FP_LAYOUT>
   <cls:CL_FP_CONTEXT id="o2">
    <CL_FP_NODE classVersion="1">
     <ID>A5B3F83BFE8D1EEE9AAD45F09D10C934</ID>
     <NAME>CONTEXT</NAME>
     <GENERATED/>
     <STATE>A</STATE>
     <CONDITION/>
     <PARENT/>
     <SUCCESSOR/>
     <CHILD href="#o3"/>
    </CL_FP_NODE>
    <CL_FP_CONTEXT classVersion="1"/>
   </cls:CL_FP_CONTEXT>
   <cls:CL_FP_STRUCTURE id="o3">
    <CL_FP_NODE classVersion="1">
     <ID>A39F3BB8B8B91EEEA5AC9884BAFC3F7A</ID>
     <NAME>IS_DELNOTEH</NAME>
     <GENERATED/>
     <STATE>A</STATE>
     <CONDITION href="#o120"/>
     <PARENT href="#o2"/>
     <SUCCESSOR href="#o42"/>
     <CHILD href="#o4"/>
    </CL_FP_NODE>
    <CL_FP_STRUCTURE classVersion="1">
     <FIELD>IS_DELNOTEH</FIELD>
    </CL_FP_STRUCTURE>
   </cls:CL_FP_STRUCTURE>
   <cls:CL_FP_DATA id="o4">
    <CL_FP_NODE classVersion="1">
     <ID>A39F3BB8B8B91EEEA5AC9884BAFC5F7A</ID>
     <NAME>VBELN</NAME>
     <GENERATED>X</GENERATED>
     <STATE>A</STATE>
     <CONDITION href="#o41"/>
     <PARENT href="#o3"/>
     <SUCCESSOR href="#o5"/>
     <CHILD/>
    </CL_FP_NODE>
    <CL_FP_DATA classVersion="1">
     <FIELD>IS_DELNOTEH-VBELN</FIELD>
     <FIELD_LABEL/>
    </CL_FP_DATA>
   </cls:CL_FP_DATA>
   <cls:CL_FP_DATA id="o5">
    <CL_FP_NODE classVersion="1">
     <ID>A39F3BB8B8B91EEEA5AC9884BAFC7F7A</ID>
     <NAME>VBTYP</NAME>
     <GENERATED>X</GENERATED>
     <STATE>A</STATE>
     <CONDITION href="#o40"/>
     <PARENT href="#o3"/>
     <SUCCESSOR href="#o6"/>
     <CHILD/>
    </CL_FP_NODE>
    <CL_FP_DATA classVersion="1">
     <FIELD>IS_DELNOTEH-VBTYP</FIELD>
     <FIELD_LABEL/>
    </CL_FP_DATA>
   </cls:CL_FP_DATA>
   <cls:CL_FP_DATA id="o6">
    <CL_FP_NODE classVersion="1">
     <ID>A39F3BB8B8B91EEEA5AC9884BAFC9F7A</ID>
     <NAME>VBTTX</NAME>
     <GENERATED>X</GENERATED>
     <STATE>A</STATE>
     <CONDITION href="#o39"/>
     <PARENT href="#o3"/>
     <SUCCESSOR href="#o7"/>
     <CHILD/>
    </CL_FP_NODE>
    <CL_FP_DATA classVersion="1">
     <FIELD>IS_DELNOTEH-VBTTX</FIELD>
     <FIELD_LABEL/>
    </CL_FP_DATA>
   </cls:CL_FP_DATA>
   <cls:CL_FP_DATA id="o7">
    <CL_FP_NODE classVersion="1">
     <ID>A39F3BB8B8B91EEEA5AC9884BAFCBF7A</ID>
     <NAME>KUNNR</NAME>
     <GENERATED>X</GENERATED>
     <STATE>A</STATE>
     <CONDITION href="#o38"/>
     <PARENT href="#o3"/>
     <SUCCESSOR href="#o8"/>
     <CHILD/>
    </CL_FP_NODE>
    <CL_FP_DATA classVersion="1">
     <FIELD>IS_DELNOTEH-KUNNR</FIELD>
     <FIELD_LABEL/>
    </CL_FP_DATA>
   </cls:CL_FP_DATA>
   <cls:CL_FP_DATA id="o8">
    <CL_FP_NODE classVersion="1">
     <ID>A39F3BB8B8B91EEEA5AC9884BAFCDF7A</ID>
     <NAME>NAME1</NAME>
     <GENERATED>X</GENERATED>
     <STATE>A</STATE>
     <CONDITION href="#o37"/>
     <PARENT href="#o3"/>
     <SUCCESSOR href="#o9"/>
     <CHILD/>
    </CL_FP_NODE>
    <CL_FP_DATA classVersion="1">
     <FIELD>IS_DELNOTEH-NAME1</FIELD>
     <FIELD_LABEL/>
    </CL_FP_DATA>
   </cls:CL_FP_DATA>
   <cls:CL_FP_DATA id="o9">
    <CL_FP_NODE classVersion="1">
     <ID>A39F3BB8B8B91EEEA5AC9884BAFCFF7A</ID>
     <NAME>KUNAG</NAME>
     <GENERATED>X</GENERATED>
     <STATE>A</STATE>
     <CONDITION href="#o36"/>
     <PARENT href="#o3"/>
     <SUCCESSOR href="#o10"/>
     <CHILD/>
    </CL_FP_NODE>
    <CL_FP_DATA classVersion="1">
     <FIELD>IS_DELNOTEH-KUNAG</FIELD>
     <FIELD_LABEL/>
    </CL_FP_DATA>
   </cls:CL_FP_DATA>
   <cls:CL_FP_DATA id="o10">
    <CL_FP_NODE classVersion="1">
     <ID>A39F3BB8B8B91EEEA5AC9884BAFD1F7A</ID>
     <NAME>NAMAG</NAME>
     <GENERATED>X</GENERATED>
     <STATE>A</STATE>
     <CONDITION href="#o35"/>
     <PARENT href="#o3"/>
     <SUCCESSOR href="#o11"/>
     <CHILD/>
    </CL_FP_NODE>
    <CL_FP_DATA classVersion="1">
     <FIELD>IS_DELNOTEH-NAMAG</FIELD>
     <FIELD_LABEL/>
    </CL_FP_DATA>
   </cls:CL_FP_DATA>
   <cls:CL_FP_DATA id="o11">
    <CL_FP_NODE classVersion="1">
     <ID>A39F3BB8B8B91EEEA5AC9884BAFD3F7A</ID>
     <NAME>KUNU5</NAME>
     <GENERATED>X</GENERATED>
     <STATE>A</STATE>
     <CONDITION href="#o34"/>
     <PARENT href="#o3"/>
     <SUCCESSOR href="#o12"/>
     <CHILD/>
    </CL_FP_NODE>
    <CL_FP_DATA classVersion="1">
     <FIELD>IS_DELNOTEH-KUNU5</FIELD>
     <FIELD_LABEL/>
    </CL_FP_DATA>
   </cls:CL_FP_DATA>
   <cls:CL_FP_DATA id="o12">
    <CL_FP_NODE classVersion="1">
     <ID>A39F3BB8B8B91EEEA5AC9884BAFD5F7A</ID>
     <NAME>NAMU5</NAME>
     <GENERATED>X</GENERATED>
     <STATE>A</STATE>
     <CONDITION href="#o33"/>
     <PARENT href="#o3"/>
     <SUCCESSOR href="#o13"/>
     <CHILD/>
    </CL_FP_NODE>
    <CL_FP_DATA classVersion="1">
     <FIELD>IS_DELNOTEH-NAMU5</FIELD>
     <FIELD_LABEL/>
    </CL_FP_DATA>
   </cls:CL_FP_DATA>
   <cls:CL_FP_DATA id="o13">
    <CL_FP_NODE classVersion="1">
     <ID>A39F3BB8B8B91EEEA5AC9884BAFD7F7A</ID>
     <NAME>CITY1</NAME>
     <GENERATED>X</GENERATED>
     <STATE>A</STATE>
     <CONDITION href="#o32"/>
     <PARENT href="#o3"/>
     <SUCCESSOR href="#o14"/>
     <CHILD/>
    </CL_FP_NODE>
    <CL_FP_DATA classVersion="1">
     <FIELD>IS_DELNOTEH-CITY1</FIELD>
     <FIELD_LABEL/>
    </CL_FP_DATA>
   </cls:CL_FP_DATA>
   <cls:CL_FP_DATA id="o14">
    <CL_FP_NODE classVersion="1">
     <ID>A39F3BB8B8B91EEEA5AC9884BAFD9F7A</ID>
     <NAME>STREET</NAME>
     <GENERATED>X</GENERATED>
     <STATE>A</STATE>
     <CONDITION href="#o31"/>
     <PARENT href="#o3"/>
     <SUCCESSOR href="#o15"/>
     <CHILD/>
    </CL_FP_NODE>
    <CL_FP_DATA classVersion="1">
     <FIELD>IS_DELNOTEH-STREET</FIELD>
     <FIELD_LABEL/>
    </CL_FP_DATA>
   </cls:CL_FP_DATA>
   <cls:CL_FP_DATA id="o15">
    <CL_FP_NODE classVersion="1">
     <ID>A39F3BB8B8B91EEEA5AC9884BAFDBF7A</ID>
     <NAME>ZADDR</NAME>
     <GENERATED>X</GENERATED>
     <STATE>A</STATE>
     <CONDITION href="#o30"/>
     <PARENT href="#o3"/>
     <SUCCESSOR href="#o16"/>
     <CHILD/>
    </CL_FP_NODE>
    <CL_FP_DATA classVersion="1">
     <FIELD>IS_DELNOTEH-ZADDR</FIELD>
     <FIELD_LABEL/>
    </CL_FP_DATA>
   </cls:CL_FP_DATA>
   <cls:CL_FP_DATA id="o16">
    <CL_FP_NODE classVersion="1">
     <ID>A39F3BB8B8B91EEEA5AC9884BAFDDF7A</ID>
     <NAME>TEL_NUMBER</NAME>
     <GENERATED>X</GENERATED>
     <STATE>A</STATE>
     <CONDITION href="#o29"/>
     <PARENT href="#o3"/>
     <SUCCESSOR href="#o17"/>
     <CHILD/>
    </CL_FP_NODE>
    <CL_FP_DATA classVersion="1">
     <FIELD>IS_DELNOTEH-TEL_NUMBER</FIELD>
     <FIELD_LABEL/>
    </CL_FP_DATA>
   </cls:CL_FP_DATA>
   <cls:CL_FP_DATA id="o17">
    <CL_FP_NODE classVersion="1">
     <ID>A39F3BB8B8B91EEEA5AC9884BAFDFF7A</ID>
     <NAME>WADAT_IST</NAME>
     <GENERATED>X</GENERATED>
     <STATE>A</STATE>
     <CONDITION href="#o28"/>
     <PARENT href="#o3"/>
     <SUCCESSOR href="#o18"/>
     <CHILD/>
    </CL_FP_NODE>
    <CL_FP_DATA classVersion="1">
     <FIELD>IS_DELNOTEH-WADAT_IST</FIELD>
     <FIELD_LABEL/>
    </CL_FP_DATA>
   </cls:CL_FP_DATA>
   <cls:CL_FP_DATA id="o18">
    <CL_FP_NODE classVersion="1">
     <ID>A39F3BB8B8B91EEEA5AC9884BAFE1F7A</ID>
     <NAME>VGBEL</NAME>
     <GENERATED>X</GENERATED>
     <STATE>A</STATE>
     <CONDITION href="#o27"/>
     <PARENT href="#o3"/>
     <SUCCESSOR href="#o19"/>
     <CHILD/>
    </CL_FP_NODE>
    <CL_FP_DATA classVersion="1">
     <FIELD>IS_DELNOTEH-VGBEL</FIELD>
     <FIELD_LABEL/>
    </CL_FP_DATA>
   </cls:CL_FP_DATA>
   <cls:CL_FP_DATA id="o19">
    <CL_FP_NODE classVersion="1">
     <ID>A39F3BB8B8B91EEEA5AC9884BAFE3F7A</ID>
     <NAME>AUART</NAME>
     <GENERATED>X</GENERATED>
     <STATE>A</STATE>
     <CONDITION href="#o26"/>
     <PARENT href="#o3"/>
     <SUCCESSOR href="#o20"/>
     <CHILD/>
    </CL_FP_NODE>
    <CL_FP_DATA classVersion="1">
     <FIELD>IS_DELNOTEH-AUART</FIELD>
     <FIELD_LABEL/>
    </CL_FP_DATA>
   </cls:CL_FP_DATA>
   <cls:CL_FP_DATA id="o20">
    <CL_FP_NODE classVersion="1">
     <ID>A39F3BB8B8B91EEEA5AC9884BAFE5F7A</ID>
     <NAME>AUATX</NAME>
     <GENERATED>X</GENERATED>
     <STATE>A</STATE>
     <CONDITION href="#o25"/>
     <PARENT href="#o3"/>
     <SUCCESSOR href="#o21"/>
     <CHILD/>
    </CL_FP_NODE>
    <CL_FP_DATA classVersion="1">
     <FIELD>IS_DELNOTEH-AUATX</FIELD>
     <FIELD_LABEL/>
    </CL_FP_DATA>
   </cls:CL_FP_DATA>
   <cls:CL_FP_DATA id="o21">
    <CL_FP_NODE classVersion="1">
     <ID>A39F3BB8B8B91EEEA5AC9884BAFE7F7A</ID>
     <NAME>WAERK</NAME>
     <GENERATED>X</GENERATED>
     <STATE>A</STATE>
     <CONDITION href="#o24"/>
     <PARENT href="#o3"/>
     <SUCCESSOR href="#o22"/>
     <CHILD/>
    </CL_FP_NODE>
    <CL_FP_DATA classVersion="1">
     <FIELD>IS_DELNOTEH-WAERK</FIELD>
     <FIELD_LABEL/>
    </CL_FP_DATA>
   </cls:CL_FP_DATA>
   <cls:CL_FP_DATA id="o22">
    <CL_FP_NODE classVersion="1">
     <ID>A39F3BB8B8B91EEEA5AC9884BAFE9F7A</ID>
     <NAME>ZPAGE</NAME>
     <GENERATED>X</GENERATED>
     <STATE>A</STATE>
     <CONDITION href="#o23"/>
     <PARENT href="#o3"/>
     <SUCCESSOR/>
     <CHILD/>
    </CL_FP_NODE>
    <CL_FP_DATA classVersion="1">
     <FIELD>IS_DELNOTEH-ZPAGE</FIELD>
     <FIELD_LABEL/>
    </CL_FP_DATA>
   </cls:CL_FP_DATA>
   <cls:CL_FP_CONDITION id="o23">
    <CL_FP_CONDITION classVersion="1">
     <NODE href="#o22"/>
     <CONDITIONS/>
    </CL_FP_CONDITION>
   </cls:CL_FP_CONDITION>
   <cls:CL_FP_CONDITION id="o24">
    <CL_FP_CONDITION classVersion="1">
     <NODE href="#o21"/>
     <CONDITIONS/>
    </CL_FP_CONDITION>
   </cls:CL_FP_CONDITION>
   <cls:CL_FP_CONDITION id="o25">
    <CL_FP_CONDITION classVersion="1">
     <NODE href="#o20"/>
     <CONDITIONS/>
    </CL_FP_CONDITION>
   </cls:CL_FP_CONDITION>
   <cls:CL_FP_CONDITION id="o26">
    <CL_FP_CONDITION classVersion="1">
     <NODE href="#o19"/>
     <CONDITIONS/>
    </CL_FP_CONDITION>
   </cls:CL_FP_CONDITION>
   <cls:CL_FP_CONDITION id="o27">
    <CL_FP_CONDITION classVersion="1">
     <NODE href="#o18"/>
     <CONDITIONS/>
    </CL_FP_CONDITION>
   </cls:CL_FP_CONDITION>
   <cls:CL_FP_CONDITION id="o28">
    <CL_FP_CONDITION classVersion="1">
     <NODE href="#o17"/>
     <CONDITIONS/>
    </CL_FP_CONDITION>
   </cls:CL_FP_CONDITION>
   <cls:CL_FP_CONDITION id="o29">
    <CL_FP_CONDITION classVersion="1">
     <NODE href="#o16"/>
     <CONDITIONS/>
    </CL_FP_CONDITION>
   </cls:CL_FP_CONDITION>
   <cls:CL_FP_CONDITION id="o30">
    <CL_FP_CONDITION classVersion="1">
     <NODE href="#o15"/>
     <CONDITIONS/>
    </CL_FP_CONDITION>
   </cls:CL_FP_CONDITION>
   <cls:CL_FP_CONDITION id="o31">
    <CL_FP_CONDITION classVersion="1">
     <NODE href="#o14"/>
     <CONDITIONS/>
    </CL_FP_CONDITION>
   </cls:CL_FP_CONDITION>
   <cls:CL_FP_CONDITION id="o32">
    <CL_FP_CONDITION classVersion="1">
     <NODE href="#o13"/>
     <CONDITIONS/>
    </CL_FP_CONDITION>
   </cls:CL_FP_CONDITION>
   <cls:CL_FP_CONDITION id="o33">
    <CL_FP_CONDITION classVersion="1">
     <NODE href="#o12"/>
     <CONDITIONS/>
    </CL_FP_CONDITION>
   </cls:CL_FP_CONDITION>
   <cls:CL_FP_CONDITION id="o34">
    <CL_FP_CONDITION classVersion="1">
     <NODE href="#o11"/>
     <CONDITIONS/>
    </CL_FP_CONDITION>
   </cls:CL_FP_CONDITION>
   <cls:CL_FP_CONDITION id="o35">
    <CL_FP_CONDITION classVersion="1">
     <NODE href="#o10"/>
     <CONDITIONS/>
    </CL_FP_CONDITION>
   </cls:CL_FP_CONDITION>
   <cls:CL_FP_CONDITION id="o36">
    <CL_FP_CONDITION classVersion="1">
     <NODE href="#o9"/>
     <CONDITIONS/>
    </CL_FP_CONDITION>
   </cls:CL_FP_CONDITION>
   <cls:CL_FP_CONDITION id="o37">
    <CL_FP_CONDITION classVersion="1">
     <NODE href="#o8"/>
     <CONDITIONS/>
    </CL_FP_CONDITION>
   </cls:CL_FP_CONDITION>
   <cls:CL_FP_CONDITION id="o38">
    <CL_FP_CONDITION classVersion="1">
     <NODE href="#o7"/>
     <CONDITIONS/>
    </CL_FP_CONDITION>
   </cls:CL_FP_CONDITION>
   <cls:CL_FP_CONDITION id="o39">
    <CL_FP_CONDITION classVersion="1">
     <NODE href="#o6"/>
     <CONDITIONS/>
    </CL_FP_CONDITION>
   </cls:CL_FP_CONDITION>
   <cls:CL_FP_CONDITION id="o40">
    <CL_FP_CONDITION classVersion="1">
     <NODE href="#o5"/>
     <CONDITIONS/>
    </CL_FP_CONDITION>
   </cls:CL_FP_CONDITION>
   <cls:CL_FP_CONDITION id="o41">
    <CL_FP_CONDITION classVersion="1">
     <NODE href="#o4"/>
     <CONDITIONS/>
    </CL_FP_CONDITION>
   </cls:CL_FP_CONDITION>
   <cls:CL_FP_LOOP id="o42">
    <CL_FP_NODE classVersion="1">
     <ID>A5B3F83BFE8D1EEE9BAD6AC7E195F742</ID>
     <NAME>IT_DELNOTEP</NAME>
     <GENERATED/>
     <STATE>A</STATE>
     <CONDITION href="#o119"/>
     <PARENT href="#o2"/>
     <SUCCESSOR href="#o78"/>
     <CHILD href="#o44"/>
    </CL_FP_NODE>
    <CL_FP_LOOP classVersion="1">
     <TABLE_NAME>IT_DELNOTEP</TABLE_NAME>
     <LOOP_INTO>X</LOOP_INTO>
     <WORK_AREA>IT_DELNOTEP</WORK_AREA>
     <FIRST_LINE>0000000000</FIRST_LINE>
     <LAST_LINE>0000000000</LAST_LINE>
     <WHERE_CONDITION href="#o43"/>
     <SORTED/>
     <CONTROL_LEVEL/>
    </CL_FP_LOOP>
   </cls:CL_FP_LOOP>
   <cls:CL_FP_CONDITION id="o43">
    <CL_FP_CONDITION classVersion="1">
     <NODE href="#o42"/>
     <CONDITIONS/>
    </CL_FP_CONDITION>
   </cls:CL_FP_CONDITION>
   <cls:CL_FP_LOOP_DATA id="o44">
    <CL_FP_NODE classVersion="1">
     <ID>A5B3F83BFE8D1EEE9BAD6AC7E1961742</ID>
     <NAME>DATA</NAME>
     <GENERATED/>
     <STATE>A</STATE>
     <CONDITION href="#o77"/>
     <PARENT href="#o42"/>
     <SUCCESSOR/>
     <CHILD href="#o45"/>
    </CL_FP_NODE>
    <CL_FP_LOOP_DATA classVersion="1"/>
   </cls:CL_FP_LOOP_DATA>
   <cls:CL_FP_DATA id="o45">
    <CL_FP_NODE classVersion="1">
     <ID>A5B3F83BFE8D1EEE9BAD6AC7E1963742</ID>
     <NAME>VBELN</NAME>
     <GENERATED>X</GENERATED>
     <STATE>A</STATE>
     <CONDITION href="#o76"/>
     <PARENT href="#o44"/>
     <SUCCESSOR href="#o46"/>
     <CHILD/>
    </CL_FP_NODE>
    <CL_FP_DATA classVersion="1">
     <FIELD>IT_DELNOTEP-VBELN</FIELD>
     <FIELD_LABEL/>
    </CL_FP_DATA>
   </cls:CL_FP_DATA>
   <cls:CL_FP_DATA id="o46">
    <CL_FP_NODE classVersion="1">
     <ID>A5B3F83BFE8D1EEE9BAD6AC7E1965742</ID>
     <NAME>POSNR</NAME>
     <GENERATED>X</GENERATED>
     <STATE>A</STATE>
     <CONDITION href="#o75"/>
     <PARENT href="#o44"/>
     <SUCCESSOR href="#o47"/>
     <CHILD/>
    </CL_FP_NODE>
    <CL_FP_DATA classVersion="1">
     <FIELD>IT_DELNOTEP-POSNR</FIELD>
     <FIELD_LABEL/>
    </CL_FP_DATA>
   </cls:CL_FP_DATA>
   <cls:CL_FP_DATA id="o47">
    <CL_FP_NODE classVersion="1">
     <ID>A5B3F83BFE8D1EEE9BAD6AC7E1967742</ID>
     <NAME>VGBEL</NAME>
     <GENERATED>X</GENERATED>
     <STATE>A</STATE>
     <CONDITION href="#o74"/>
     <PARENT href="#o44"/>
     <SUCCESSOR href="#o48"/>
     <CHILD/>
    </CL_FP_NODE>
    <CL_FP_DATA classVersion="1">
     <FIELD>IT_DELNOTEP-VGBEL</FIELD>
     <FIELD_LABEL/>
    </CL_FP_DATA>
   </cls:CL_FP_DATA>
   <cls:CL_FP_DATA id="o48">
    <CL_FP_NODE classVersion="1">
     <ID>A5B3F83BFE8D1EEE9BAD6AC7E1969742</ID>
     <NAME>VGPOS</NAME>
     <GENERATED>X</GENERATED>
     <STATE>A</STATE>
     <CONDITION href="#o73"/>
     <PARENT href="#o44"/>
     <SUCCESSOR href="#o49"/>
     <CHILD/>
    </CL_FP_NODE>
    <CL_FP_DATA classVersion="1">
     <FIELD>IT_DELNOTEP-VGPOS</FIELD>
     <FIELD_LABEL/>
    </CL_FP_DATA>
   </cls:CL_FP_DATA>
   <cls:CL_FP_DATA id="o49">
    <CL_FP_NODE classVersion="1">
     <ID>A5B3F83BFE8D1EEE9BAD6AC7E196B742</ID>
     <NAME>MATNR</NAME>
     <GENERATED>X</GENERATED>
     <STATE>A</STATE>
     <CONDITION href="#o72"/>
     <PARENT href="#o44"/>
     <SUCCESSOR href="#o50"/>
     <CHILD/>
    </CL_FP_NODE>
    <CL_FP_DATA classVersion="1">
     <FIELD>IT_DELNOTEP-MATNR</FIELD>
     <FIELD_LABEL/>
    </CL_FP_DATA>
   </cls:CL_FP_DATA>
   <cls:CL_FP_DATA id="o50">
    <CL_FP_NODE classVersion="1">
     <ID>A5B3F83BFE8D1EEE9BAD6AC7E196D742</ID>
     <NAME>MAKTX</NAME>
     <GENERATED>X</GENERATED>
     <STATE>A</STATE>
     <CONDITION href="#o71"/>
     <PARENT href="#o44"/>
     <SUCCESSOR href="#o51"/>
     <CHILD/>
    </CL_FP_NODE>
    <CL_FP_DATA classVersion="1">
     <FIELD>IT_DELNOTEP-MAKTX</FIELD>
     <FIELD_LABEL/>
    </CL_FP_DATA>
   </cls:CL_FP_DATA>
   <cls:CL_FP_DATA id="o51">
    <CL_FP_NODE classVersion="1">
     <ID>A5B3F83BFE8D1EEE9BAD6AC7E196F742</ID>
     <NAME>LFIMG</NAME>
     <GENERATED>X</GENERATED>
     <STATE>A</STATE>
     <CONDITION href="#o70"/>
     <PARENT href="#o44"/>
     <SUCCESSOR href="#o52"/>
     <CHILD/>
    </CL_FP_NODE>
    <CL_FP_DATA classVersion="1">
     <FIELD>IT_DELNOTEP-LFIMG</FIELD>
     <FIELD_LABEL/>
    </CL_FP_DATA>
   </cls:CL_FP_DATA>
   <cls:CL_FP_DATA id="o52">
    <CL_FP_NODE classVersion="1">
     <ID>A5B3F83BFE8D1EEE9BAD6AC7E1971742</ID>
     <NAME>MEINS</NAME>
     <GENERATED>X</GENERATED>
     <STATE>A</STATE>
     <CONDITION href="#o69"/>
     <PARENT href="#o44"/>
     <SUCCESSOR href="#o53"/>
     <CHILD/>
    </CL_FP_NODE>
    <CL_FP_DATA classVersion="1">
     <FIELD>IT_DELNOTEP-MEINS</FIELD>
     <FIELD_LABEL/>
    </CL_FP_DATA>
   </cls:CL_FP_DATA>
   <cls:CL_FP_DATA id="o53">
    <CL_FP_NODE classVersion="1">
     <ID>A5B3F83BFE8D1EEE9BAD6AC7E1973742</ID>
     <NAME>VRKME</NAME>
     <GENERATED>X</GENERATED>
     <STATE>A</STATE>
     <CONDITION href="#o68"/>
     <PARENT href="#o44"/>
     <SUCCESSOR href="#o54"/>
     <CHILD/>
    </CL_FP_NODE>
    <CL_FP_DATA classVersion="1">
     <FIELD>IT_DELNOTEP-VRKME</FIELD>
     <FIELD_LABEL/>
    </CL_FP_DATA>
   </cls:CL_FP_DATA>
   <cls:CL_FP_DATA id="o54">
    <CL_FP_NODE classVersion="1">
     <ID>A5B3F83BFE8D1EEE9BAD6AC7E1975742</ID>
     <NAME>NETPR</NAME>
     <GENERATED>X</GENERATED>
     <STATE>A</STATE>
     <CONDITION href="#o67"/>
     <PARENT href="#o44"/>
     <SUCCESSOR href="#o55"/>
     <CHILD/>
    </CL_FP_NODE>
    <CL_FP_DATA classVersion="1">
     <FIELD>IT_DELNOTEP-NETPR</FIELD>
     <FIELD_LABEL/>
    </CL_FP_DATA>
   </cls:CL_FP_DATA>
   <cls:CL_FP_DATA id="o55">
    <CL_FP_NODE classVersion="1">
     <ID>A5B3F83BFE8D1EEE9BAD6AC7E1977742</ID>
     <NAME>NETWR</NAME>
     <GENERATED>X</GENERATED>
     <STATE>A</STATE>
     <CONDITION href="#o66"/>
     <PARENT href="#o44"/>
     <SUCCESSOR href="#o56"/>
     <CHILD/>
    </CL_FP_NODE>
    <CL_FP_DATA classVersion="1">
     <FIELD>IT_DELNOTEP-NETWR</FIELD>
     <FIELD_LABEL/>
    </CL_FP_DATA>
   </cls:CL_FP_DATA>
   <cls:CL_FP_DATA id="o56">
    <CL_FP_NODE classVersion="1">
     <ID>A5B3F83BFE8D1EEE9BAD6AC7E1979742</ID>
     <NAME>MWSBP</NAME>
     <GENERATED>X</GENERATED>
     <STATE>A</STATE>
     <CONDITION href="#o65"/>
     <PARENT href="#o44"/>
     <SUCCESSOR href="#o57"/>
     <CHILD/>
    </CL_FP_NODE>
    <CL_FP_DATA classVersion="1">
     <FIELD>IT_DELNOTEP-MWSBP</FIELD>
     <FIELD_LABEL/>
    </CL_FP_DATA>
   </cls:CL_FP_DATA>
   <cls:CL_FP_DATA id="o57">
    <CL_FP_NODE classVersion="1">
     <ID>A5B3F83BFE8D1EEE9BAD6AC7E197B742</ID>
     <NAME>NETVAT</NAME>
     <GENERATED>X</GENERATED>
     <STATE>A</STATE>
     <CONDITION href="#o64"/>
     <PARENT href="#o44"/>
     <SUCCESSOR href="#o58"/>
     <CHILD/>
    </CL_FP_NODE>
    <CL_FP_DATA classVersion="1">
     <FIELD>IT_DELNOTEP-NETVAT</FIELD>
     <FIELD_LABEL/>
    </CL_FP_DATA>
   </cls:CL_FP_DATA>
   <cls:CL_FP_DATA id="o58">
    <CL_FP_NODE classVersion="1">
     <ID>A5B3F83BFE8D1EEE9BAD6AC7E197D742</ID>
     <NAME>WAERK</NAME>
     <GENERATED>X</GENERATED>
     <STATE>A</STATE>
     <CONDITION href="#o63"/>
     <PARENT href="#o44"/>
     <SUCCESSOR href="#o59"/>
     <CHILD/>
    </CL_FP_NODE>
    <CL_FP_DATA classVersion="1">
     <FIELD>IT_DELNOTEP-WAERK</FIELD>
     <FIELD_LABEL/>
    </CL_FP_DATA>
   </cls:CL_FP_DATA>
   <cls:CL_FP_DATA id="o59">
    <CL_FP_NODE classVersion="1">
     <ID>A5B3F83BFE8D1EEE9BAD6AC7E197F742</ID>
     <NAME>CHARG</NAME>
     <GENERATED>X</GENERATED>
     <STATE>A</STATE>
     <CONDITION href="#o62"/>
     <PARENT href="#o44"/>
     <SUCCESSOR href="#o60"/>
     <CHILD/>
    </CL_FP_NODE>
    <CL_FP_DATA classVersion="1">
     <FIELD>IT_DELNOTEP-CHARG</FIELD>
     <FIELD_LABEL/>
    </CL_FP_DATA>
   </cls:CL_FP_DATA>
   <cls:CL_FP_DATA id="o60">
    <CL_FP_NODE classVersion="1">
     <ID>A5B3F83BFE8D1EEE9BAD6AC7E1981742</ID>
     <NAME>VFDAT</NAME>
     <GENERATED>X</GENERATED>
     <STATE>A</STATE>
     <CONDITION href="#o61"/>
     <PARENT href="#o44"/>
     <SUCCESSOR/>
     <CHILD/>
    </CL_FP_NODE>
    <CL_FP_DATA classVersion="1">
     <FIELD>IT_DELNOTEP-VFDAT</FIELD>
     <FIELD_LABEL/>
    </CL_FP_DATA>
   </cls:CL_FP_DATA>
   <cls:CL_FP_CONDITION id="o61">
    <CL_FP_CONDITION classVersion="1">
     <NODE href="#o60"/>
     <CONDITIONS/>
    </CL_FP_CONDITION>
   </cls:CL_FP_CONDITION>
   <cls:CL_FP_CONDITION id="o62">
    <CL_FP_CONDITION classVersion="1">
     <NODE href="#o59"/>
     <CONDITIONS/>
    </CL_FP_CONDITION>
   </cls:CL_FP_CONDITION>
   <cls:CL_FP_CONDITION id="o63">
    <CL_FP_CONDITION classVersion="1">
     <NODE href="#o58"/>
     <CONDITIONS/>
    </CL_FP_CONDITION>
   </cls:CL_FP_CONDITION>
   <cls:CL_FP_CONDITION id="o64">
    <CL_FP_CONDITION classVersion="1">
     <NODE href="#o57"/>
     <CONDITIONS/>
    </CL_FP_CONDITION>
   </cls:CL_FP_CONDITION>
   <cls:CL_FP_CONDITION id="o65">
    <CL_FP_CONDITION classVersion="1">
     <NODE href="#o56"/>
     <CONDITIONS/>
    </CL_FP_CONDITION>
   </cls:CL_FP_CONDITION>
   <cls:CL_FP_CONDITION id="o66">
    <CL_FP_CONDITION classVersion="1">
     <NODE href="#o55"/>
     <CONDITIONS/>
    </CL_FP_CONDITION>
   </cls:CL_FP_CONDITION>
   <cls:CL_FP_CONDITION id="o67">
    <CL_FP_CONDITION classVersion="1">
     <NODE href="#o54"/>
     <CONDITIONS/>
    </CL_FP_CONDITION>
   </cls:CL_FP_CONDITION>
   <cls:CL_FP_CONDITION id="o68">
    <CL_FP_CONDITION classVersion="1">
     <NODE href="#o53"/>
     <CONDITIONS/>
    </CL_FP_CONDITION>
   </cls:CL_FP_CONDITION>
   <cls:CL_FP_CONDITION id="o69">
    <CL_FP_CONDITION classVersion="1">
     <NODE href="#o52"/>
     <CONDITIONS/>
    </CL_FP_CONDITION>
   </cls:CL_FP_CONDITION>
   <cls:CL_FP_CONDITION id="o70">
    <CL_FP_CONDITION classVersion="1">
     <NODE href="#o51"/>
     <CONDITIONS/>
    </CL_FP_CONDITION>
   </cls:CL_FP_CONDITION>
   <cls:CL_FP_CONDITION id="o71">
    <CL_FP_CONDITION classVersion="1">
     <NODE href="#o50"/>
     <CONDITIONS/>
    </CL_FP_CONDITION>
   </cls:CL_FP_CONDITION>
   <cls:CL_FP_CONDITION id="o72">
    <CL_FP_CONDITION classVersion="1">
     <NODE href="#o49"/>
     <CONDITIONS/>
    </CL_FP_CONDITION>
   </cls:CL_FP_CONDITION>
   <cls:CL_FP_CONDITION id="o73">
    <CL_FP_CONDITION classVersion="1">
     <NODE href="#o48"/>
     <CONDITIONS/>
    </CL_FP_CONDITION>
   </cls:CL_FP_CONDITION>
   <cls:CL_FP_CONDITION id="o74">
    <CL_FP_CONDITION classVersion="1">
     <NODE href="#o47"/>
     <CONDITIONS/>
    </CL_FP_CONDITION>
   </cls:CL_FP_CONDITION>
   <cls:CL_FP_CONDITION id="o75">
    <CL_FP_CONDITION classVersion="1">
     <NODE href="#o46"/>
     <CONDITIONS/>
    </CL_FP_CONDITION>
   </cls:CL_FP_CONDITION>
   <cls:CL_FP_CONDITION id="o76">
    <CL_FP_CONDITION classVersion="1">
     <NODE href="#o45"/>
     <CONDITIONS/>
    </CL_FP_CONDITION>
   </cls:CL_FP_CONDITION>
   <cls:CL_FP_CONDITION id="o77">
    <CL_FP_CONDITION classVersion="1">
     <NODE href="#o44"/>
     <CONDITIONS/>
    </CL_FP_CONDITION>
   </cls:CL_FP_CONDITION>
   <cls:CL_FP_LOOP id="o78">
    <CL_FP_NODE classVersion="1">
     <ID>A5B3F83BFE8D1EEE9BAD6B5119B9B742</ID>
     <NAME>GT_DELNOTEP</NAME>
     <GENERATED/>
     <STATE>A</STATE>
     <CONDITION href="#o118"/>
     <PARENT href="#o2"/>
     <SUCCESSOR href="#o114"/>
     <CHILD href="#o80"/>
    </CL_FP_NODE>
    <CL_FP_LOOP classVersion="1">
     <TABLE_NAME>GT_DELNOTEP</TABLE_NAME>
     <LOOP_INTO>X</LOOP_INTO>
     <WORK_AREA>GT_DELNOTEP</WORK_AREA>
     <FIRST_LINE>0000000000</FIRST_LINE>
     <LAST_LINE>0000000000</LAST_LINE>
     <WHERE_CONDITION href="#o79"/>
     <SORTED/>
     <CONTROL_LEVEL/>
    </CL_FP_LOOP>
   </cls:CL_FP_LOOP>
   <cls:CL_FP_CONDITION id="o79">
    <CL_FP_CONDITION classVersion="1">
     <NODE href="#o78"/>
     <CONDITIONS/>
    </CL_FP_CONDITION>
   </cls:CL_FP_CONDITION>
   <cls:CL_FP_LOOP_DATA id="o80">
    <CL_FP_NODE classVersion="1">
     <ID>A5B3F83BFE8D1EEE9BAD6B5119B9D742</ID>
     <NAME>DATA</NAME>
     <GENERATED/>
     <STATE>A</STATE>
     <CONDITION href="#o113"/>
     <PARENT href="#o78"/>
     <SUCCESSOR/>
     <CHILD href="#o81"/>
    </CL_FP_NODE>
    <CL_FP_LOOP_DATA classVersion="1"/>
   </cls:CL_FP_LOOP_DATA>
   <cls:CL_FP_DATA id="o81">
    <CL_FP_NODE classVersion="1">
     <ID>A5B3F83BFE8D1EEE9BAD6B5119B9F742</ID>
     <NAME>VBELN</NAME>
     <GENERATED>X</GENERATED>
     <STATE>A</STATE>
     <CONDITION href="#o112"/>
     <PARENT href="#o80"/>
     <SUCCESSOR href="#o82"/>
     <CHILD/>
    </CL_FP_NODE>
    <CL_FP_DATA classVersion="1">
     <FIELD>GT_DELNOTEP-VBELN</FIELD>
     <FIELD_LABEL/>
    </CL_FP_DATA>
   </cls:CL_FP_DATA>
   <cls:CL_FP_DATA id="o82">
    <CL_FP_NODE classVersion="1">
     <ID>A5B3F83BFE8D1EEE9BAD6B5119BA1742</ID>
     <NAME>POSNR</NAME>
     <GENERATED>X</GENERATED>
     <STATE>A</STATE>
     <CONDITION href="#o111"/>
     <PARENT href="#o80"/>
     <SUCCESSOR href="#o83"/>
     <CHILD/>
    </CL_FP_NODE>
    <CL_FP_DATA classVersion="1">
     <FIELD>GT_DELNOTEP-POSNR</FIELD>
     <FIELD_LABEL/>
    </CL_FP_DATA>
   </cls:CL_FP_DATA>
   <cls:CL_FP_DATA id="o83">
    <CL_FP_NODE classVersion="1">
     <ID>A5B3F83BFE8D1EEE9BAD6B5119BA3742</ID>
     <NAME>VGBEL</NAME>
     <GENERATED>X</GENERATED>
     <STATE>A</STATE>
     <CONDITION href="#o110"/>
     <PARENT href="#o80"/>
     <SUCCESSOR href="#o84"/>
     <CHILD/>
    </CL_FP_NODE>
    <CL_FP_DATA classVersion="1">
     <FIELD>GT_DELNOTEP-VGBEL</FIELD>
     <FIELD_LABEL/>
    </CL_FP_DATA>
   </cls:CL_FP_DATA>
   <cls:CL_FP_DATA id="o84">
    <CL_FP_NODE classVersion="1">
     <ID>A5B3F83BFE8D1EEE9BAD6B5119BA5742</ID>
     <NAME>VGPOS</NAME>
     <GENERATED>X</GENERATED>
     <STATE>A</STATE>
     <CONDITION href="#o109"/>
     <PARENT href="#o80"/>
     <SUCCESSOR href="#o85"/>
     <CHILD/>
    </CL_FP_NODE>
    <CL_FP_DATA classVersion="1">
     <FIELD>GT_DELNOTEP-VGPOS</FIELD>
     <FIELD_LABEL/>
    </CL_FP_DATA>
   </cls:CL_FP_DATA>
   <cls:CL_FP_DATA id="o85">
    <CL_FP_NODE classVersion="1">
     <ID>A5B3F83BFE8D1EEE9BAD6B5119BA7742</ID>
     <NAME>MATNR</NAME>
     <GENERATED>X</GENERATED>
     <STATE>A</STATE>
     <CONDITION href="#o108"/>
     <PARENT href="#o80"/>
     <SUCCESSOR href="#o86"/>
     <CHILD/>
    </CL_FP_NODE>
    <CL_FP_DATA classVersion="1">
     <FIELD>GT_DELNOTEP-MATNR</FIELD>
     <FIELD_LABEL/>
    </CL_FP_DATA>
   </cls:CL_FP_DATA>
   <cls:CL_FP_DATA id="o86">
    <CL_FP_NODE classVersion="1">
     <ID>A5B3F83BFE8D1EEE9BAD6B5119BA9742</ID>
     <NAME>MAKTX</NAME>
     <GENERATED>X</GENERATED>
     <STATE>A</STATE>
     <CONDITION href="#o107"/>
     <PARENT href="#o80"/>
     <SUCCESSOR href="#o87"/>
     <CHILD/>
    </CL_FP_NODE>
    <CL_FP_DATA classVersion="1">
     <FIELD>GT_DELNOTEP-MAKTX</FIELD>
     <FIELD_LABEL/>
    </CL_FP_DATA>
   </cls:CL_FP_DATA>
   <cls:CL_FP_DATA id="o87">
    <CL_FP_NODE classVersion="1">
     <ID>A5B3F83BFE8D1EEE9BAD6B5119BAB742</ID>
     <NAME>LFIMG</NAME>
     <GENERATED>X</GENERATED>
     <STATE>A</STATE>
     <CONDITION href="#o106"/>
     <PARENT href="#o80"/>
     <SUCCESSOR href="#o88"/>
     <CHILD/>
    </CL_FP_NODE>
    <CL_FP_DATA classVersion="1">
     <FIELD>GT_DELNOTEP-LFIMG</FIELD>
     <FIELD_LABEL/>
    </CL_FP_DATA>
   </cls:CL_FP_DATA>
   <cls:CL_FP_DATA id="o88">
    <CL_FP_NODE classVersion="1">
     <ID>A5B3F83BFE8D1EEE9BAD6B5119BAD742</ID>
     <NAME>MEINS</NAME>
     <GENERATED>X</GENERATED>
     <STATE>A</STATE>
     <CONDITION href="#o105"/>
     <PARENT href="#o80"/>
     <SUCCESSOR href="#o89"/>
     <CHILD/>
    </CL_FP_NODE>
    <CL_FP_DATA classVersion="1">
     <FIELD>GT_DELNOTEP-MEINS</FIELD>
     <FIELD_LABEL/>
    </CL_FP_DATA>
   </cls:CL_FP_DATA>
   <cls:CL_FP_DATA id="o89">
    <CL_FP_NODE classVersion="1">
     <ID>A5B3F83BFE8D1EEE9BAD6B5119BAF742</ID>
     <NAME>VRKME</NAME>
     <GENERATED>X</GENERATED>
     <STATE>A</STATE>
     <CONDITION href="#o104"/>
     <PARENT href="#o80"/>
     <SUCCESSOR href="#o90"/>
     <CHILD/>
    </CL_FP_NODE>
    <CL_FP_DATA classVersion="1">
     <FIELD>GT_DELNOTEP-VRKME</FIELD>
     <FIELD_LABEL/>
    </CL_FP_DATA>
   </cls:CL_FP_DATA>
   <cls:CL_FP_DATA id="o90">
    <CL_FP_NODE classVersion="1">
     <ID>A5B3F83BFE8D1EEE9BAD6B5119BB1742</ID>
     <NAME>NETPR</NAME>
     <GENERATED>X</GENERATED>
     <STATE>A</STATE>
     <CONDITION href="#o103"/>
     <PARENT href="#o80"/>
     <SUCCESSOR href="#o91"/>
     <CHILD/>
    </CL_FP_NODE>
    <CL_FP_DATA classVersion="1">
     <FIELD>GT_DELNOTEP-NETPR</FIELD>
     <FIELD_LABEL/>
    </CL_FP_DATA>
   </cls:CL_FP_DATA>
   <cls:CL_FP_DATA id="o91">
    <CL_FP_NODE classVersion="1">
     <ID>A5B3F83BFE8D1EEE9BAD6B5119BB3742</ID>
     <NAME>NETWR</NAME>
     <GENERATED>X</GENERATED>
     <STATE>A</STATE>
     <CONDITION href="#o102"/>
     <PARENT href="#o80"/>
     <SUCCESSOR href="#o92"/>
     <CHILD/>
    </CL_FP_NODE>
    <CL_FP_DATA classVersion="1">
     <FIELD>GT_DELNOTEP-NETWR</FIELD>
     <FIELD_LABEL/>
    </CL_FP_DATA>
   </cls:CL_FP_DATA>
   <cls:CL_FP_DATA id="o92">
    <CL_FP_NODE classVersion="1">
     <ID>A5B3F83BFE8D1EEE9BAD6B5119BB5742</ID>
     <NAME>MWSBP</NAME>
     <GENERATED>X</GENERATED>
     <STATE>A</STATE>
     <CONDITION href="#o101"/>
     <PARENT href="#o80"/>
     <SUCCESSOR href="#o93"/>
     <CHILD/>
    </CL_FP_NODE>
    <CL_FP_DATA classVersion="1">
     <FIELD>GT_DELNOTEP-MWSBP</FIELD>
     <FIELD_LABEL/>
    </CL_FP_DATA>
   </cls:CL_FP_DATA>
   <cls:CL_FP_DATA id="o93">
    <CL_FP_NODE classVersion="1">
     <ID>A5B3F83BFE8D1EEE9BAD6B5119BB7742</ID>
     <NAME>NETVAT</NAME>
     <GENERATED>X</GENERATED>
     <STATE>A</STATE>
     <CONDITION href="#o100"/>
     <PARENT href="#o80"/>
     <SUCCESSOR href="#o94"/>
     <CHILD/>
    </CL_FP_NODE>
    <CL_FP_DATA classVersion="1">
     <FIELD>GT_DELNOTEP-NETVAT</FIELD>
     <FIELD_LABEL/>
    </CL_FP_DATA>
   </cls:CL_FP_DATA>
   <cls:CL_FP_DATA id="o94">
    <CL_FP_NODE classVersion="1">
     <ID>A5B3F83BFE8D1EEE9BAD6B5119BB9742</ID>
     <NAME>WAERK</NAME>
     <GENERATED>X</GENERATED>
     <STATE>A</STATE>
     <CONDITION href="#o99"/>
     <PARENT href="#o80"/>
     <SUCCESSOR href="#o95"/>
     <CHILD/>
    </CL_FP_NODE>
    <CL_FP_DATA classVersion="1">
     <FIELD>GT_DELNOTEP-WAERK</FIELD>
     <FIELD_LABEL/>
    </CL_FP_DATA>
   </cls:CL_FP_DATA>
   <cls:CL_FP_DATA id="o95">
    <CL_FP_NODE classVersion="1">
     <ID>A5B3F83BFE8D1EEE9BAD6B5119BBB742</ID>
     <NAME>CHARG</NAME>
     <GENERATED>X</GENERATED>
     <STATE>A</STATE>
     <CONDITION href="#o98"/>
     <PARENT href="#o80"/>
     <SUCCESSOR href="#o96"/>
     <CHILD/>
    </CL_FP_NODE>
    <CL_FP_DATA classVersion="1">
     <FIELD>GT_DELNOTEP-CHARG</FIELD>
     <FIELD_LABEL/>
    </CL_FP_DATA>
   </cls:CL_FP_DATA>
   <cls:CL_FP_DATA id="o96">
    <CL_FP_NODE classVersion="1">
     <ID>A5B3F83BFE8D1EEE9BAD6B5119BBD742</ID>
     <NAME>VFDAT</NAME>
     <GENERATED>X</GENERATED>
     <STATE>A</STATE>
     <CONDITION href="#o97"/>
     <PARENT href="#o80"/>
     <SUCCESSOR/>
     <CHILD/>
    </CL_FP_NODE>
    <CL_FP_DATA classVersion="1">
     <FIELD>GT_DELNOTEP-VFDAT</FIELD>
     <FIELD_LABEL/>
    </CL_FP_DATA>
   </cls:CL_FP_DATA>
   <cls:CL_FP_CONDITION id="o97">
    <CL_FP_CONDITION classVersion="1">
     <NODE href="#o96"/>
     <CONDITIONS/>
    </CL_FP_CONDITION>
   </cls:CL_FP_CONDITION>
   <cls:CL_FP_CONDITION id="o98">
    <CL_FP_CONDITION classVersion="1">
     <NODE href="#o95"/>
     <CONDITIONS/>
    </CL_FP_CONDITION>
   </cls:CL_FP_CONDITION>
   <cls:CL_FP_CONDITION id="o99">
    <CL_FP_CONDITION classVersion="1">
     <NODE href="#o94"/>
     <CONDITIONS/>
    </CL_FP_CONDITION>
   </cls:CL_FP_CONDITION>
   <cls:CL_FP_CONDITION id="o100">
    <CL_FP_CONDITION classVersion="1">
     <NODE href="#o93"/>
     <CONDITIONS/>
    </CL_FP_CONDITION>
   </cls:CL_FP_CONDITION>
   <cls:CL_FP_CONDITION id="o101">
    <CL_FP_CONDITION classVersion="1">
     <NODE href="#o92"/>
     <CONDITIONS/>
    </CL_FP_CONDITION>
   </cls:CL_FP_CONDITION>
   <cls:CL_FP_CONDITION id="o102">
    <CL_FP_CONDITION classVersion="1">
     <NODE href="#o91"/>
     <CONDITIONS/>
    </CL_FP_CONDITION>
   </cls:CL_FP_CONDITION>
   <cls:CL_FP_CONDITION id="o103">
    <CL_FP_CONDITION classVersion="1">
     <NODE href="#o90"/>
     <CONDITIONS/>
    </CL_FP_CONDITION>
   </cls:CL_FP_CONDITION>
   <cls:CL_FP_CONDITION id="o104">
    <CL_FP_CONDITION classVersion="1">
     <NODE href="#o89"/>
     <CONDITIONS/>
    </CL_FP_CONDITION>
   </cls:CL_FP_CONDITION>
   <cls:CL_FP_CONDITION id="o105">
    <CL_FP_CONDITION classVersion="1">
     <NODE href="#o88"/>
     <CONDITIONS/>
    </CL_FP_CONDITION>
   </cls:CL_FP_CONDITION>
   <cls:CL_FP_CONDITION id="o106">
    <CL_FP_CONDITION classVersion="1">
     <NODE href="#o87"/>
     <CONDITIONS/>
    </CL_FP_CONDITION>
   </cls:CL_FP_CONDITION>
   <cls:CL_FP_CONDITION id="o107">
    <CL_FP_CONDITION classVersion="1">
     <NODE href="#o86"/>
     <CONDITIONS/>
    </CL_FP_CONDITION>
   </cls:CL_FP_CONDITION>
   <cls:CL_FP_CONDITION id="o108">
    <CL_FP_CONDITION classVersion="1">
     <NODE href="#o85"/>
     <CONDITIONS/>
    </CL_FP_CONDITION>
   </cls:CL_FP_CONDITION>
   <cls:CL_FP_CONDITION id="o109">
    <CL_FP_CONDITION classVersion="1">
     <NODE href="#o84"/>
     <CONDITIONS/>
    </CL_FP_CONDITION>
   </cls:CL_FP_CONDITION>
   <cls:CL_FP_CONDITION id="o110">
    <CL_FP_CONDITION classVersion="1">
     <NODE href="#o83"/>
     <CONDITIONS/>
    </CL_FP_CONDITION>
   </cls:CL_FP_CONDITION>
   <cls:CL_FP_CONDITION id="o111">
    <CL_FP_CONDITION classVersion="1">
     <NODE href="#o82"/>
     <CONDITIONS/>
    </CL_FP_CONDITION>
   </cls:CL_FP_CONDITION>
   <cls:CL_FP_CONDITION id="o112">
    <CL_FP_CONDITION classVersion="1">
     <NODE href="#o81"/>
     <CONDITIONS/>
    </CL_FP_CONDITION>
   </cls:CL_FP_CONDITION>
   <cls:CL_FP_CONDITION id="o113">
    <CL_FP_CONDITION classVersion="1">
     <NODE href="#o80"/>
     <CONDITIONS/>
    </CL_FP_CONDITION>
   </cls:CL_FP_CONDITION>
   <cls:CL_FP_DATA id="o114">
    <CL_FP_NODE classVersion="1">
     <ID>A5B3F83BFE8D1EEE9BABBE07FA1CADAC</ID>
     <NAME>GV_TTNETWR</NAME>
     <GENERATED/>
     <STATE>A</STATE>
     <CONDITION href="#o117"/>
     <PARENT href="#o2"/>
     <SUCCESSOR href="#o115"/>
     <CHILD/>
    </CL_FP_NODE>
    <CL_FP_DATA classVersion="1">
     <FIELD>GV_TTNETWR</FIELD>
     <FIELD_LABEL/>
    </CL_FP_DATA>
   </cls:CL_FP_DATA>
   <cls:CL_FP_DATA id="o115">
    <CL_FP_NODE classVersion="1">
     <ID>A5B3F83BFE8D1EEE9BAE095E58E07B2D</ID>
     <NAME>GV_TTNETVAT</NAME>
     <GENERATED/>
     <STATE>A</STATE>
     <CONDITION href="#o116"/>
     <PARENT href="#o2"/>
     <SUCCESSOR/>
     <CHILD/>
    </CL_FP_NODE>
    <CL_FP_DATA classVersion="1">
     <FIELD>GV_TTNETVAT</FIELD>
     <FIELD_LABEL/>
    </CL_FP_DATA>
   </cls:CL_FP_DATA>
   <cls:CL_FP_CONDITION id="o116">
    <CL_FP_CONDITION classVersion="1">
     <NODE href="#o115"/>
     <CONDITIONS/>
    </CL_FP_CONDITION>
   </cls:CL_FP_CONDITION>
   <cls:CL_FP_CONDITION id="o117">
    <CL_FP_CONDITION classVersion="1">
     <NODE href="#o114"/>
     <CONDITIONS/>
    </CL_FP_CONDITION>
   </cls:CL_FP_CONDITION>
   <cls:CL_FP_CONDITION id="o118">
    <CL_FP_CONDITION classVersion="1">
     <NODE href="#o78"/>
     <CONDITIONS/>
    </CL_FP_CONDITION>
   </cls:CL_FP_CONDITION>
   <cls:CL_FP_CONDITION id="o119">
    <CL_FP_CONDITION classVersion="1">
     <NODE href="#o42"/>
     <CONDITIONS/>
    </CL_FP_CONDITION>
   </cls:CL_FP_CONDITION>
   <cls:CL_FP_CONDITION id="o120">
    <CL_FP_CONDITION classVersion="1">
     <NODE href="#o3"/>
     <CONDITIONS/>
    </CL_FP_CONDITION>
   </cls:CL_FP_CONDITION>
  </asx:heap>
 </asx:abap>
</abapGit>
