﻿<?xml version="1.0" encoding="utf-8"?>
<abapGit version="v1.0.0" serializer="LCL_OBJECT_PROG" serializer_version="v1.0.0">
 <asx:abap xmlns:asx="http://www.sap.com/abapxml" version="1.0">
  <asx:values>
   <PROGDIR>
    <NAME>ZRLE_DELNOTE_DATA_DECLARE</NAME>
    <SUBC>I</SUBC>
    <APPL>V</APPL>
    <RSTAT>P</RSTAT>
    <RLOAD>E</RLOAD>
   </PROGDIR>
   <I18N_TPOOL>
    <item>
     <LANGUAGE>D</LANGUAGE>
     <TEXTPOOL>
      <item>
       <ID>R</ID>
       <ENTRY>Include RLE_DELNOTE_DATA_DECLARE</ENTRY>
       <LENGTH>32</LENGTH>
      </item>
     </TEXTPOOL>
    </item>
    <item>
     <LANGUAGE>E</LANGUAGE>
     <TEXTPOOL>
      <item>
       <ID>R</ID>
       <ENTRY>Include RLE_DELNOTE_DATA_DECLARE</ENTRY>
       <LENGTH>32</LENGTH>
      </item>
     </TEXTPOOL>
    </item>
   </I18N_TPOOL>
  </asx:values>
 </asx:abap>
</abapGit>
