﻿<?xml version="1.0" encoding="utf-8"?>
<abapGit version="v1.0.0" serializer="LCL_OBJECT_DTEL" serializer_version="v1.0.0">
 <asx:abap xmlns:asx="http://www.sap.com/abapxml" version="1.0">
  <asx:values>
   <DD04V>
    <ROLLNAME>ZSCME_LOG_KEY</ROLLNAME>
    <DDLANGUAGE>3</DDLANGUAGE>
    <DOMNAME>SYSUUID_X16</DOMNAME>
    <HEADLEN>32</HEADLEN>
    <SCRLEN1>10</SCRLEN1>
    <SCRLEN2>20</SCRLEN2>
    <SCRLEN3>40</SCRLEN3>
    <DDTEXT>Log Key</DDTEXT>
    <REPTEXT>Log Key</REPTEXT>
    <SCRTEXT_S>Log Key</SCRTEXT_S>
    <SCRTEXT_M>Log Key</SCRTEXT_M>
    <SCRTEXT_L>Log Key</SCRTEXT_L>
    <DTELMASTER>3</DTELMASTER>
    <REFKIND>D</REFKIND>
   </DD04V>
  </asx:values>
 </asx:abap>
</abapGit>
