﻿<?xml version="1.0" encoding="utf-8"?>
<abapGit version="v1.0.0" serializer="LCL_OBJECT_PROG" serializer_version="v1.0.0">
 <asx:abap xmlns:asx="http://www.sap.com/abapxml" version="1.0">
  <asx:values>
   <PROGDIR>
    <NAME>ZSDCOMMON</NAME>
    <SUBC>1</SUBC>
    <RLOAD>3</RLOAD>
    <FIXPT>X</FIXPT>
    <UCCHECK>X</UCCHECK>
   </PROGDIR>
   <TPOOL>
    <item>
     <ID>I</ID>
     <KEY>M01</KEY>
     <ENTRY>숫자 타입이 아닌 값이 있습니다!</ENTRY>
     <LENGTH>28</LENGTH>
    </item>
    <item>
     <ID>I</ID>
     <KEY>M02</KEY>
     <ENTRY>등록되지 않은 단위 입니다!</ENTRY>
     <LENGTH>25</LENGTH>
    </item>
    <item>
     <ID>I</ID>
     <KEY>M03</KEY>
     <ENTRY>등록되지 않은 통화 입니다!</ENTRY>
     <LENGTH>25</LENGTH>
    </item>
    <item>
     <ID>I</ID>
     <KEY>M04</KEY>
     <ENTRY>은(는) 날짜가 아닙니다!!</ENTRY>
     <LENGTH>25</LENGTH>
    </item>
    <item>
     <ID>I</ID>
     <KEY>M05</KEY>
     <ENTRY>은(는) 시간이 아닙니다!</ENTRY>
     <LENGTH>24</LENGTH>
    </item>
    <item>
     <ID>I</ID>
     <KEY>V02</KEY>
     <ENTRY>Excel Uploading...</ENTRY>
     <LENGTH>28</LENGTH>
    </item>
    <item>
     <ID>R</ID>
     <ENTRY>[SD] SD COMMON</ENTRY>
     <LENGTH>14</LENGTH>
    </item>
   </TPOOL>
  </asx:values>
 </asx:abap>
</abapGit>
