﻿<?xml version="1.0" encoding="utf-8"?>
<abapGit version="v1.0.0" serializer="LCL_OBJECT_DTEL" serializer_version="v1.0.0">
 <asx:abap xmlns:asx="http://www.sap.com/abapxml" version="1.0">
  <asx:values>
   <DD04V>
    <ROLLNAME>ZSDE_KUNU5</ROLLNAME>
    <DDLANGUAGE>3</DDLANGUAGE>
    <DOMNAME>KUNNR</DOMNAME>
    <HEADLEN>04</HEADLEN>
    <SCRLEN1>04</SCRLEN1>
    <SCRLEN2>04</SCRLEN2>
    <SCRLEN3>04</SCRLEN3>
    <DDTEXT>실납병원</DDTEXT>
    <REPTEXT>실납병원</REPTEXT>
    <SCRTEXT_S>실납병원</SCRTEXT_S>
    <SCRTEXT_M>실납병원</SCRTEXT_M>
    <SCRTEXT_L>실납병원</SCRTEXT_L>
    <DTELMASTER>3</DTELMASTER>
    <REFKIND>D</REFKIND>
   </DD04V>
  </asx:values>
 </asx:abap>
</abapGit>
