﻿<?xml version="1.0" encoding="utf-8"?>
<abapGit version="v1.0.0" serializer="LCL_OBJECT_DTEL" serializer_version="v1.0.0">
 <asx:abap xmlns:asx="http://www.sap.com/abapxml" version="1.0">
  <asx:values>
   <DD04V>
    <ROLLNAME>ZSDE_KUNVE_NAME</ROLLNAME>
    <DDLANGUAGE>3</DDLANGUAGE>
    <DOMNAME>BU_NAME</DOMNAME>
    <HEADLEN>40</HEADLEN>
    <SCRLEN1>10</SCRLEN1>
    <SCRLEN2>20</SCRLEN2>
    <SCRLEN3>40</SCRLEN3>
    <DDTEXT>영업사원명</DDTEXT>
    <REPTEXT>영업사원명</REPTEXT>
    <SCRTEXT_S>영업사원명</SCRTEXT_S>
    <SCRTEXT_M>영업사원명</SCRTEXT_M>
    <SCRTEXT_L>영업사원명</SCRTEXT_L>
    <DTELMASTER>3</DTELMASTER>
    <REFKIND>D</REFKIND>
   </DD04V>
  </asx:values>
 </asx:abap>
</abapGit>
