﻿<?xml version="1.0" encoding="utf-8"?>
<abapGit version="v1.0.0" serializer="LCL_OBJECT_DTEL" serializer_version="v1.0.0">
 <asx:abap xmlns:asx="http://www.sap.com/abapxml" version="1.0">
  <asx:values>
   <DD04V>
    <ROLLNAME>ZSDE_BSTNK</ROLLNAME>
    <DDLANGUAGE>3</DDLANGUAGE>
    <HEADLEN>20</HEADLEN>
    <SCRLEN2>20</SCRLEN2>
    <SCRLEN3>40</SCRLEN3>
    <DDTEXT>주문요청번호</DDTEXT>
    <REPTEXT>주문요청번호</REPTEXT>
    <SCRTEXT_M>주문요청번호</SCRTEXT_M>
    <SCRTEXT_L>주문요청번호</SCRTEXT_L>
    <DTELMASTER>3</DTELMASTER>
    <DATATYPE>CHAR</DATATYPE>
    <LENG>000020</LENG>
    <OUTPUTLEN>000020</OUTPUTLEN>
   </DD04V>
  </asx:values>
 </asx:abap>
</abapGit>
