﻿<?xml version="1.0" encoding="utf-8"?>
<abapGit version="v1.0.0" serializer="LCL_OBJECT_FUGR" serializer_version="v1.0.0">
 <asx:abap xmlns:asx="http://www.sap.com/abapxml" version="1.0">
  <asx:values>
   <AREAT>[SD] SD COMMON</AREAT>
   <INCLUDES>
    <SOBJ_NAME>LZSDFG03F01</SOBJ_NAME>
    <SOBJ_NAME>LZSDFG03F02</SOBJ_NAME>
    <SOBJ_NAME>LZSDFG03F03</SOBJ_NAME>
    <SOBJ_NAME>LZSDFG03TOP</SOBJ_NAME>
    <SOBJ_NAME>SAPLZSDFG03</SOBJ_NAME>
   </INCLUDES>
   <FUNCTIONS>
    <item>
     <FUNCNAME>ZALSM_EXCEL_TO_INTERNAL_TABLE</FUNCNAME>
     <SHORT_TEXT>Datenübernahme aus Excel mit OLE - Konvertierung ins interne Format</SHORT_TEXT>
     <IMPORT>
      <RSIMP>
       <PARAMETER>FILENAME</PARAMETER>
       <DBFIELD>RLGRAP-FILENAME</DBFIELD>
      </RSIMP>
      <RSIMP>
       <PARAMETER>I_BEGIN_COL</PARAMETER>
       <TYP>I</TYP>
      </RSIMP>
      <RSIMP>
       <PARAMETER>I_BEGIN_ROW</PARAMETER>
       <TYP>I</TYP>
      </RSIMP>
      <RSIMP>
       <PARAMETER>I_END_COL</PARAMETER>
       <TYP>I</TYP>
      </RSIMP>
      <RSIMP>
       <PARAMETER>I_END_ROW</PARAMETER>
       <TYP>I</TYP>
      </RSIMP>
      <RSIMP>
       <PARAMETER>I_SHEETS</PARAMETER>
       <OPTIONAL>X</OPTIONAL>
       <TYP>I</TYP>
      </RSIMP>
      <RSIMP>
       <PARAMETER>I_SHEETNO</PARAMETER>
       <OPTIONAL>X</OPTIONAL>
       <TYP>I</TYP>
      </RSIMP>
     </IMPORT>
     <TABLES>
      <RSTBL>
       <PARAMETER>INTERN</PARAMETER>
       <DBSTRUCT>ZALSMEX_TABLINE</DBSTRUCT>
      </RSTBL>
     </TABLES>
     <EXCEPTION>
      <RSEXC>
       <EXCEPTION>INCONSISTENT_PARAMETERS</EXCEPTION>
      </RSEXC>
      <RSEXC>
       <EXCEPTION>UPLOAD_OLE</EXCEPTION>
      </RSEXC>
     </EXCEPTION>
     <DOCUMENTATION>
      <RSFDO>
       <PARAMETER>FILENAME</PARAMETER>
       <KIND>P</KIND>
      </RSFDO>
      <RSFDO>
       <PARAMETER>I_BEGIN_COL</PARAMETER>
       <KIND>P</KIND>
      </RSFDO>
      <RSFDO>
       <PARAMETER>I_BEGIN_ROW</PARAMETER>
       <KIND>P</KIND>
      </RSFDO>
      <RSFDO>
       <PARAMETER>I_END_COL</PARAMETER>
       <KIND>P</KIND>
      </RSFDO>
      <RSFDO>
       <PARAMETER>I_END_ROW</PARAMETER>
       <KIND>P</KIND>
      </RSFDO>
      <RSFDO>
       <PARAMETER>I_SHEETS</PARAMETER>
       <KIND>P</KIND>
      </RSFDO>
      <RSFDO>
       <PARAMETER>I_SHEETNO</PARAMETER>
       <KIND>P</KIND>
      </RSFDO>
      <RSFDO>
       <PARAMETER>INTERN</PARAMETER>
       <KIND>P</KIND>
       <STEXT>Excel 데이타가 있는 테이블 행</STEXT>
      </RSFDO>
      <RSFDO>
       <PARAMETER>INCONSISTENT_PARAMETERS</PARAMETER>
       <KIND>X</KIND>
      </RSFDO>
      <RSFDO>
       <PARAMETER>UPLOAD_OLE</PARAMETER>
       <KIND>X</KIND>
      </RSFDO>
     </DOCUMENTATION>
    </item>
    <item>
     <FUNCNAME>ZKCD_EXCEL_OLE_TO_INT_CONVERT</FUNCNAME>
     <SHORT_TEXT>Datenübernahme aus Excel mit OLE - Konvertierung ins interne Format</SHORT_TEXT>
     <IMPORT>
      <RSIMP>
       <PARAMETER>FILENAME</PARAMETER>
       <DBFIELD>RLGRAP-FILENAME</DBFIELD>
      </RSIMP>
      <RSIMP>
       <PARAMETER>I_BEGIN_COL</PARAMETER>
       <TYP>I</TYP>
      </RSIMP>
      <RSIMP>
       <PARAMETER>I_BEGIN_ROW</PARAMETER>
       <TYP>I</TYP>
      </RSIMP>
      <RSIMP>
       <PARAMETER>I_END_COL</PARAMETER>
       <TYP>I</TYP>
      </RSIMP>
      <RSIMP>
       <PARAMETER>I_END_ROW</PARAMETER>
       <TYP>I</TYP>
      </RSIMP>
     </IMPORT>
     <TABLES>
      <RSTBL>
       <PARAMETER>INTERN</PARAMETER>
       <DBSTRUCT>ZKCDE_CELLS</DBSTRUCT>
      </RSTBL>
     </TABLES>
     <EXCEPTION>
      <RSEXC>
       <EXCEPTION>INCONSISTENT_PARAMETERS</EXCEPTION>
      </RSEXC>
      <RSEXC>
       <EXCEPTION>UPLOAD_OLE</EXCEPTION>
      </RSEXC>
     </EXCEPTION>
     <DOCUMENTATION>
      <RSFDO>
       <PARAMETER>FILENAME</PARAMETER>
       <KIND>P</KIND>
      </RSFDO>
      <RSFDO>
       <PARAMETER>I_BEGIN_COL</PARAMETER>
       <KIND>P</KIND>
      </RSFDO>
      <RSFDO>
       <PARAMETER>I_BEGIN_ROW</PARAMETER>
       <KIND>P</KIND>
      </RSFDO>
      <RSFDO>
       <PARAMETER>I_END_COL</PARAMETER>
       <KIND>P</KIND>
      </RSFDO>
      <RSFDO>
       <PARAMETER>I_END_ROW</PARAMETER>
       <KIND>P</KIND>
      </RSFDO>
      <RSFDO>
       <PARAMETER>INTERN</PARAMETER>
       <KIND>P</KIND>
       <STEXT>가변적인 엑셀 업로드에 대한 플랫 구조의 셀</STEXT>
      </RSFDO>
      <RSFDO>
       <PARAMETER>INCONSISTENT_PARAMETERS</PARAMETER>
       <KIND>X</KIND>
      </RSFDO>
      <RSFDO>
       <PARAMETER>UPLOAD_OLE</PARAMETER>
       <KIND>X</KIND>
      </RSFDO>
     </DOCUMENTATION>
    </item>
    <item>
     <FUNCNAME>ZSD_SHOW_SMW0_FILE</FUNCNAME>
     <SHORT_TEXT>[SD] SMW0 File</SHORT_TEXT>
     <IMPORT>
      <RSIMP>
       <PARAMETER>I_OBJID</PARAMETER>
       <REFERENCE>X</REFERENCE>
       <TYP>WWWDATA-OBJID</TYP>
      </RSIMP>
      <RSIMP>
       <PARAMETER>I_TEXT</PARAMETER>
       <REFERENCE>X</REFERENCE>
       <TYP>WWWDATA-TEXT</TYP>
      </RSIMP>
     </IMPORT>
     <EXPORT>
      <RSEXP>
       <PARAMETER>ES_RETURN</PARAMETER>
       <REFERENCE>X</REFERENCE>
       <TYP>BAPIRET2</TYP>
      </RSEXP>
     </EXPORT>
     <DOCUMENTATION>
      <RSFDO>
       <PARAMETER>I_OBJID</PARAMETER>
       <KIND>P</KIND>
       <STEXT>SAP WWW 게이트웨이 오브젝트 이름</STEXT>
      </RSFDO>
      <RSFDO>
       <PARAMETER>I_TEXT</PARAMETER>
       <KIND>P</KIND>
       <STEXT>WWWDATA 오브젝트 내역</STEXT>
      </RSFDO>
      <RSFDO>
       <PARAMETER>ES_RETURN</PARAMETER>
       <KIND>P</KIND>
       <STEXT>리턴 매개변수</STEXT>
      </RSFDO>
     </DOCUMENTATION>
    </item>
   </FUNCTIONS>
   <LONGTEXTS_ZALSM_EXCEL_TO_INTERNAL_TABLE>
    <item>
     <DOKIL>
      <ID>FU</ID>
      <OBJECT>ZALSM_EXCEL_TO_INTERNAL_TABLE</OBJECT>
      <LANGU>D</LANGU>
      <TYP>T</TYP>
      <VERSION>0001</VERSION>
      <MASTERLANG>X</MASTERLANG>
      <TXTLINES>00002</TXTLINES>
      <DOKSTATE>A</DOKSTATE>
     </DOKIL>
     <HEAD>
      <TDOBJECT>DOKU</TDOBJECT>
      <TDNAME>ZALSM_EXCEL_TO_INTERNAL_TABLE</TDNAME>
      <TDID>FU</TDID>
      <TDSPRAS>D</TDSPRAS>
      <TDFORM>S_DOCU_SHOW</TDFORM>
      <TDSTYLE>S_DOCUS1</TDSTYLE>
      <TDVERSION>00001</TDVERSION>
      <TDLINESIZE>072</TDLINESIZE>
     </HEAD>
     <LINES>
      <TLINE>
       <TDFORMAT>U1</TDFORMAT>
       <TDLINE>&amp;FUNCTIONALITY&amp;</TDLINE>
      </TLINE>
      <TLINE>
       <TDFORMAT>AS</TDFORMAT>
       <TDLINE>Kopie von Funktionsbaustein KCD_EXCEL_OLE_TO_INT_CONVERT. Lediglich das</TDLINE>
      </TLINE>
      <TLINE>
       <TDLINE>löschen des Clipboards wurde eingefügt.</TDLINE>
      </TLINE>
      <TLINE>
       <TDFORMAT>U1</TDFORMAT>
       <TDLINE>&amp;EXAMPLE&amp;</TDLINE>
      </TLINE>
      <TLINE>
       <TDFORMAT>AS</TDFORMAT>
      </TLINE>
      <TLINE>
       <TDFORMAT>U1</TDFORMAT>
       <TDLINE>&amp;HINTS&amp;</TDLINE>
      </TLINE>
      <TLINE>
       <TDFORMAT>AS</TDFORMAT>
      </TLINE>
      <TLINE>
       <TDFORMAT>U1</TDFORMAT>
       <TDLINE>&amp;FURTHER_SOURCES_OF_INF&amp;</TDLINE>
      </TLINE>
      <TLINE>
       <TDFORMAT>AS</TDFORMAT>
      </TLINE>
     </LINES>
    </item>
   </LONGTEXTS_ZALSM_EXCEL_TO_INTERNAL_TABLE>
  </asx:values>
 </asx:abap>
</abapGit>
