﻿<?xml version="1.0" encoding="utf-8"?>
<abapGit version="v1.0.0" serializer="LCL_OBJECT_FUGR" serializer_version="v1.0.0">
 <asx:abap xmlns:asx="http://www.sap.com/abapxml" version="1.0">
  <asx:values>
   <AREAT>[SD] Sales Order</AREAT>
   <INCLUDES>
    <SOBJ_NAME>LZSDFG02TOP</SOBJ_NAME>
    <SOBJ_NAME>SAPLZSDFG02</SOBJ_NAME>
   </INCLUDES>
   <FUNCTIONS>
    <item>
     <FUNCNAME>ZSD_SO_CREATE_10</FUNCNAME>
     <REMOTE_CALL>R</REMOTE_CALL>
     <SHORT_TEXT>[SD] 대리점주문 생성</SHORT_TEXT>
     <IMPORT>
      <RSIMP>
       <PARAMETER>IT_BSTNK</PARAMETER>
       <TYP>ZSDRTT0011</TYP>
      </RSIMP>
     </IMPORT>
     <EXPORT>
      <RSEXP>
       <PARAMETER>ET_ORDERS</PARAMETER>
       <TYP>ZSDRTT0012</TYP>
      </RSEXP>
     </EXPORT>
     <DOCUMENTATION>
      <RSFDO>
       <PARAMETER>IT_BSTNK</PARAMETER>
       <KIND>P</KIND>
       <STEXT>[SD] 주문요청번호</STEXT>
      </RSFDO>
      <RSFDO>
       <PARAMETER>ET_ORDERS</PARAMETER>
       <KIND>P</KIND>
       <STEXT>[SD] 대리점 주문 - Function Parameter</STEXT>
      </RSFDO>
     </DOCUMENTATION>
    </item>
   </FUNCTIONS>
  </asx:values>
 </asx:abap>
</abapGit>
