﻿<?xml version="1.0" encoding="utf-8"?>
<abapGit version="v1.0.0" serializer="LCL_OBJECT_FUGR" serializer_version="v1.0.0">
 <asx:abap xmlns:asx="http://www.sap.com/abapxml" version="1.0">
  <asx:values>
   <AREAT>[SD] Field Exits</AREAT>
   <INCLUDES>
    <SOBJ_NAME>LZSDFG04TOP</SOBJ_NAME>
    <SOBJ_NAME>SAPLZSDFG04</SOBJ_NAME>
   </INCLUDES>
   <FUNCTIONS>
    <item>
     <FUNCNAME>FIELD_EXIT_ORDNR_V</FUNCNAME>
     <SHORT_TEXT>[SD] Field Exits ZUONR --- 2023.11.14 by RHOS</SHORT_TEXT>
     <IMPORT>
      <RSIMP>
       <PARAMETER>INPUT</PARAMETER>
       <REFERENCE>X</REFERENCE>
      </RSIMP>
     </IMPORT>
     <EXPORT>
      <RSEXP>
       <PARAMETER>OUTPUT</PARAMETER>
       <REFERENCE>X</REFERENCE>
      </RSEXP>
     </EXPORT>
     <DOCUMENTATION>
      <RSFDO>
       <PARAMETER>INPUT</PARAMETER>
       <KIND>P</KIND>
      </RSFDO>
      <RSFDO>
       <PARAMETER>OUTPUT</PARAMETER>
       <KIND>P</KIND>
      </RSFDO>
     </DOCUMENTATION>
    </item>
   </FUNCTIONS>
  </asx:values>
 </asx:abap>
</abapGit>
