﻿<?xml version="1.0" encoding="utf-8"?>
<abapGit version="v1.0.0" serializer="LCL_OBJECT_FUGR" serializer_version="v1.0.0">
 <asx:abap xmlns:asx="http://www.sap.com/abapxml" version="1.0">
  <asx:values>
   <AREAT>[SD] SD 기본 Function</AREAT>
   <INCLUDES>
    <SOBJ_NAME>LZSDFG01F01</SOBJ_NAME>
    <SOBJ_NAME>LZSDFG01I01</SOBJ_NAME>
    <SOBJ_NAME>LZSDFG01O01</SOBJ_NAME>
    <SOBJ_NAME>LZSDFG01TOP</SOBJ_NAME>
    <SOBJ_NAME>SAPLZSDFG01</SOBJ_NAME>
   </INCLUDES>
   <FUNCTIONS>
    <item>
     <FUNCNAME>ZSDFM_ITAB_FCAT</FUNCNAME>
     <SHORT_TEXT>Make Field Catalog</SHORT_TEXT>
     <IMPORT>
      <RSIMP>
       <PARAMETER>I_NO_MANDT</PARAMETER>
       <DEFAULT>&apos;X&apos;</DEFAULT>
       <OPTIONAL>X</OPTIONAL>
       <TYP>CHAR01</TYP>
      </RSIMP>
     </IMPORT>
     <CHANGING>
      <RSCHA>
       <PARAMETER>C_FCAT</PARAMETER>
       <TYP>LVC_T_FCAT</TYP>
      </RSCHA>
     </CHANGING>
     <TABLES>
      <RSTBL>
       <PARAMETER>T_ITAB</PARAMETER>
       <TYP>STANDARD TABLE</TYP>
      </RSTBL>
     </TABLES>
     <DOCUMENTATION>
      <RSFDO>
       <PARAMETER>I_NO_MANDT</PARAMETER>
       <KIND>P</KIND>
      </RSFDO>
      <RSFDO>
       <PARAMETER>T_ITAB</PARAMETER>
       <KIND>P</KIND>
      </RSFDO>
      <RSFDO>
       <PARAMETER>C_FCAT</PARAMETER>
       <KIND>P</KIND>
      </RSFDO>
     </DOCUMENTATION>
    </item>
    <item>
     <FUNCNAME>ZSDFM_POPUP_SEARCH</FUNCNAME>
     <SHORT_TEXT>Popup Search</SHORT_TEXT>
     <IMPORT>
      <RSIMP>
       <PARAMETER>IV_CPROG</PARAMETER>
       <TYP>CPROG</TYP>
      </RSIMP>
      <RSIMP>
       <PARAMETER>IV_DYNNR</PARAMETER>
       <DEFAULT>&apos;9010&apos;</DEFAULT>
       <OPTIONAL>X</OPTIONAL>
       <TYP>DYNNR</TYP>
      </RSIMP>
      <RSIMP>
       <PARAMETER>IV_FULLSCREEN</PARAMETER>
       <DEFAULT>&apos; &apos;</DEFAULT>
       <OPTIONAL>X</OPTIONAL>
       <TYP>SAP_BOOL</TYP>
      </RSIMP>
      <RSIMP>
       <PARAMETER>IV_START_COL</PARAMETER>
       <DEFAULT>5</DEFAULT>
       <OPTIONAL>X</OPTIONAL>
       <TYP>INT4</TYP>
      </RSIMP>
      <RSIMP>
       <PARAMETER>IV_START_LIN</PARAMETER>
       <DEFAULT>5</DEFAULT>
       <OPTIONAL>X</OPTIONAL>
       <TYP>INT4</TYP>
      </RSIMP>
      <RSIMP>
       <PARAMETER>IS_INACTIVE</PARAMETER>
       <OPTIONAL>X</OPTIONAL>
       <TYP>ZSDMSS_POPUP_SEARCH</TYP>
      </RSIMP>
     </IMPORT>
     <EXPORT>
      <RSEXP>
       <PARAMETER>EV_FCODE</PARAMETER>
       <TYP>SYUCOMM</TYP>
      </RSEXP>
     </EXPORT>
     <DOCUMENTATION>
      <RSFDO>
       <PARAMETER>IV_CPROG</PARAMETER>
       <KIND>P</KIND>
      </RSFDO>
      <RSFDO>
       <PARAMETER>IV_DYNNR</PARAMETER>
       <KIND>P</KIND>
      </RSFDO>
      <RSFDO>
       <PARAMETER>IV_FULLSCREEN</PARAMETER>
       <KIND>P</KIND>
      </RSFDO>
      <RSFDO>
       <PARAMETER>IV_START_COL</PARAMETER>
       <KIND>P</KIND>
      </RSFDO>
      <RSFDO>
       <PARAMETER>IV_START_LIN</PARAMETER>
       <KIND>P</KIND>
      </RSFDO>
      <RSFDO>
       <PARAMETER>IS_INACTIVE</PARAMETER>
       <KIND>P</KIND>
      </RSFDO>
      <RSFDO>
       <PARAMETER>EV_FCODE</PARAMETER>
       <KIND>P</KIND>
      </RSFDO>
     </DOCUMENTATION>
    </item>
   </FUNCTIONS>
   <I18N_TPOOL>
    <item>
     <LANGUAGE>E</LANGUAGE>
     <TEXTPOOL>
      <item>
       <ID>R</ID>
      </item>
     </TEXTPOOL>
    </item>
   </I18N_TPOOL>
   <DYNPROS>
    <item>
     <HEADER>
      <PROGRAM>SAPLZSDFG01</PROGRAM>
      <SCREEN>9000</SCREEN>
      <LANGUAGE>E</LANGUAGE>
      <DESCRIPT>Popup Search</DESCRIPT>
      <TYPE>N</TYPE>
      <NEXTSCREEN>9000</NEXTSCREEN>
      <LINES>034</LINES>
      <COLUMNS>127</COLUMNS>
      <HOLD_DATA>X</HOLD_DATA>
      <KEEP_SCPOS>X</KEEP_SCPOS>
      <FIORIENLARGEOFF>X</FIORIENLARGEOFF>
     </HEADER>
     <CONTAINERS>
      <RPY_DYCATT>
       <TYPE>SCREEN</TYPE>
       <NAME>SCREEN</NAME>
      </RPY_DYCATT>
      <RPY_DYCATT>
       <TYPE>SUBSCREEN</TYPE>
       <NAME>SUB_SEARCH</NAME>
       <ELEMENT_OF>SCREEN</ELEMENT_OF>
       <LINE>002</LINE>
       <COLUMN>001</COLUMN>
       <LENGTH>114</LENGTH>
       <HEIGHT>033</HEIGHT>
      </RPY_DYCATT>
     </CONTAINERS>
     <FIELDS>
      <RPY_DYFATC>
       <CONT_TYPE>SCREEN</CONT_TYPE>
       <CONT_NAME>SCREEN</CONT_NAME>
       <TYPE>PUSH</TYPE>
       <NAME>%#AUTOTEXT001</NAME>
       <TEXT>__</TEXT>
       <ICON_NAME>ICON_VARIANTS</ICON_NAME>
       <WITH_ICON>X</WITH_ICON>
       <LINE>001</LINE>
       <COLUMN>001</COLUMN>
       <LENGTH>007</LENGTH>
       <VISLENGTH>004</VISLENGTH>
       <HEIGHT>001</HEIGHT>
       <GROUP1>LST</GROUP1>
       <PUSH_FCODE>SELECT</PUSH_FCODE>
       <FORMAT>CHAR</FORMAT>
       <REQU_ENTRY>N</REQU_ENTRY>
      </RPY_DYFATC>
      <RPY_DYFATC>
       <CONT_TYPE>SCREEN</CONT_TYPE>
       <CONT_NAME>SCREEN</CONT_NAME>
       <TYPE>PUSH</TYPE>
       <NAME>%#AUTOTEXT002</NAME>
       <TEXT>_</TEXT>
       <ICON_NAME>ICON_SYSTEM_SAVE</ICON_NAME>
       <WITH_ICON>X</WITH_ICON>
       <LINE>001</LINE>
       <COLUMN>006</COLUMN>
       <LENGTH>006</LENGTH>
       <VISLENGTH>004</VISLENGTH>
       <HEIGHT>001</HEIGHT>
       <GROUP1>SAV</GROUP1>
       <PUSH_FCODE>SAVE</PUSH_FCODE>
       <FORMAT>CHAR</FORMAT>
       <REQU_ENTRY>N</REQU_ENTRY>
      </RPY_DYFATC>
      <RPY_DYFATC>
       <CONT_TYPE>SCREEN</CONT_TYPE>
       <CONT_NAME>SCREEN</CONT_NAME>
       <TYPE>PUSH</TYPE>
       <NAME>%#AUTOTEXT003</NAME>
       <TEXT>_</TEXT>
       <ICON_NAME>ICON_ERASE</ICON_NAME>
       <WITH_ICON>X</WITH_ICON>
       <LINE>001</LINE>
       <COLUMN>011</COLUMN>
       <LENGTH>006</LENGTH>
       <VISLENGTH>004</VISLENGTH>
       <HEIGHT>001</HEIGHT>
       <GROUP1>ERA</GROUP1>
       <PUSH_FCODE>RESET</PUSH_FCODE>
       <FORMAT>CHAR</FORMAT>
       <REQU_ENTRY>N</REQU_ENTRY>
      </RPY_DYFATC>
      <RPY_DYFATC>
       <CONT_TYPE>SCREEN</CONT_TYPE>
       <CONT_NAME>SCREEN</CONT_NAME>
       <TYPE>PUSH</TYPE>
       <NAME>%#AUTOTEXT004</NAME>
       <TEXT>___</TEXT>
       <ICON_NAME>ICON_DETAIL</ICON_NAME>
       <WITH_ICON>X</WITH_ICON>
       <LINE>001</LINE>
       <COLUMN>016</COLUMN>
       <LENGTH>008</LENGTH>
       <VISLENGTH>004</VISLENGTH>
       <HEIGHT>001</HEIGHT>
       <GROUP1>DET</GROUP1>
       <PUSH_FCODE>LIST</PUSH_FCODE>
       <FORMAT>CHAR</FORMAT>
       <REQU_ENTRY>N</REQU_ENTRY>
      </RPY_DYFATC>
      <RPY_DYFATC>
       <CONT_TYPE>SCREEN</CONT_TYPE>
       <CONT_NAME>SCREEN</CONT_NAME>
       <TYPE>PUSH</TYPE>
       <NAME>%#AUTOTEXT005</NAME>
       <TEXT>___</TEXT>
       <ICON_NAME>ICON_DELETE</ICON_NAME>
       <ICON_QINFO>Delete_Variant</ICON_QINFO>
       <ICON_QSPEC>X</ICON_QSPEC>
       <WITH_ICON>X</WITH_ICON>
       <LINE>001</LINE>
       <COLUMN>021</COLUMN>
       <LENGTH>024</LENGTH>
       <VISLENGTH>004</VISLENGTH>
       <HEIGHT>001</HEIGHT>
       <GROUP1>DEL</GROUP1>
       <PUSH_FCODE>DELETE</PUSH_FCODE>
       <FORMAT>CHAR</FORMAT>
       <REQU_ENTRY>N</REQU_ENTRY>
      </RPY_DYFATC>
      <RPY_DYFATC>
       <CONT_TYPE>SCREEN</CONT_TYPE>
       <CONT_NAME>SCREEN</CONT_NAME>
       <TYPE>PUSH</TYPE>
       <NAME>EXECUTE</NAME>
       <TEXT>_</TEXT>
       <ICON_NAME>ICON_EXECUTE_OBJECT</ICON_NAME>
       <ICON_QINFO>Execute</ICON_QINFO>
       <ICON_QSPEC>X</ICON_QSPEC>
       <WITH_ICON>X</WITH_ICON>
       <LINE>001</LINE>
       <COLUMN>026</COLUMN>
       <LENGTH>015</LENGTH>
       <VISLENGTH>004</VISLENGTH>
       <HEIGHT>001</HEIGHT>
       <GROUP1>EXE</GROUP1>
       <GROUP4>NAC</GROUP4>
       <PUSH_FCODE>POPUP_EXEC</PUSH_FCODE>
       <FORMAT>CHAR</FORMAT>
       <REQU_ENTRY>N</REQU_ENTRY>
      </RPY_DYFATC>
      <RPY_DYFATC>
       <CONT_TYPE>SCREEN</CONT_TYPE>
       <CONT_NAME>SCREEN</CONT_NAME>
       <TYPE>OKCODE</TYPE>
       <NAME>OK_CODE</NAME>
       <TEXT>____________________</TEXT>
       <LENGTH>020</LENGTH>
       <VISLENGTH>020</VISLENGTH>
       <HEIGHT>001</HEIGHT>
       <FORMAT>CHAR</FORMAT>
       <INPUT_FLD>X</INPUT_FLD>
      </RPY_DYFATC>
     </FIELDS>
     <FLOW_LOGIC>
      <RPY_DYFLOW>
       <LINE>process before output.</LINE>
      </RPY_DYFLOW>
      <RPY_DYFLOW>
       <LINE>  module status_9000.</LINE>
      </RPY_DYFLOW>
      <RPY_DYFLOW>
       <LINE>  module set_screen_9000.</LINE>
      </RPY_DYFLOW>
      <RPY_DYFLOW/>
      <RPY_DYFLOW>
       <LINE>  call subscreen sub_search including gs_ssrch-cprog gs_ssrch-dynnr.</LINE>
      </RPY_DYFLOW>
      <RPY_DYFLOW/>
      <RPY_DYFLOW>
       <LINE>process after input.</LINE>
      </RPY_DYFLOW>
      <RPY_DYFLOW>
       <LINE>  module cancel at exit-command.</LINE>
      </RPY_DYFLOW>
      <RPY_DYFLOW/>
      <RPY_DYFLOW>
       <LINE>  call subscreen sub_search.</LINE>
      </RPY_DYFLOW>
      <RPY_DYFLOW/>
      <RPY_DYFLOW>
       <LINE>  module user_command_9000.</LINE>
      </RPY_DYFLOW>
     </FLOW_LOGIC>
    </item>
   </DYNPROS>
   <CUA>
    <ADM>
     <ACTCODE>000001</ACTCODE>
     <PFKCODE>000001</PFKCODE>
    </ADM>
    <STA>
     <RSMPE_STAT>
      <CODE>S9000</CODE>
      <MODAL>D</MODAL>
      <ACTCODE>000001</ACTCODE>
      <PFKCODE>000001</PFKCODE>
      <BUTCODE>0001</BUTCODE>
      <INT_NOTE>S9000</INT_NOTE>
     </RSMPE_STAT>
    </STA>
    <FUN>
     <RSMPE_FUNT>
      <CODE>CANC</CODE>
      <TEXTNO>001</TEXTNO>
      <TYPE>E</TYPE>
      <TEXT_TYPE>S</TEXT_TYPE>
      <TEXT_NAME>ICON_CANCEL</TEXT_NAME>
      <ICON_ID>@0W@</ICON_ID>
      <FUN_TEXT>Cancel</FUN_TEXT>
     </RSMPE_FUNT>
     <RSMPE_FUNT>
      <CODE>EXEC</CODE>
      <TEXTNO>001</TEXTNO>
      <TEXT_TYPE>S</TEXT_TYPE>
      <TEXT_NAME>ICON_EXECUTE_OBJECT</TEXT_NAME>
      <ICON_ID>@15@</ICON_ID>
      <FUN_TEXT>Execute</FUN_TEXT>
     </RSMPE_FUNT>
     <RSMPE_FUNT>
      <CODE>OKAY</CODE>
      <TEXTNO>001</TEXTNO>
      <TEXT_TYPE>S</TEXT_TYPE>
      <TEXT_NAME>ICON_OKAY</TEXT_NAME>
      <ICON_ID>@0V@</ICON_ID>
      <FUN_TEXT>Ok</FUN_TEXT>
     </RSMPE_FUNT>
     <RSMPE_FUNT>
      <CODE>POPUP_EXEC</CODE>
      <TEXTNO>001</TEXTNO>
      <TEXT_TYPE>S</TEXT_TYPE>
      <TEXT_NAME>ICON_EXECUTE_OBJECT</TEXT_NAME>
      <ICON_ID>@15@</ICON_ID>
      <FUN_TEXT>Execute</FUN_TEXT>
     </RSMPE_FUNT>
    </FUN>
    <BUT>
     <RSMPE_BUT>
      <PFK_CODE>000001</PFK_CODE>
      <CODE>0001</CODE>
      <NO>01</NO>
      <PFNO>08</PFNO>
     </RSMPE_BUT>
    </BUT>
    <PFK>
     <RSMPE_PFK>
      <CODE>000001</CODE>
      <PFNO>00</PFNO>
      <FUNCODE>OKAY</FUNCODE>
      <FUNNO>001</FUNNO>
     </RSMPE_PFK>
     <RSMPE_PFK>
      <CODE>000001</CODE>
      <PFNO>08</PFNO>
      <FUNCODE>EXEC</FUNCODE>
      <FUNNO>001</FUNNO>
     </RSMPE_PFK>
     <RSMPE_PFK>
      <CODE>000001</CODE>
      <PFNO>12</PFNO>
      <FUNCODE>CANC</FUNCODE>
      <FUNNO>001</FUNNO>
     </RSMPE_PFK>
    </PFK>
    <SET>
     <RSMPE_STAF>
      <STATUS>S9000</STATUS>
      <FUNCTION>CANC</FUNCTION>
     </RSMPE_STAF>
     <RSMPE_STAF>
      <STATUS>S9000</STATUS>
      <FUNCTION>EXEC</FUNCTION>
     </RSMPE_STAF>
     <RSMPE_STAF>
      <STATUS>S9000</STATUS>
      <FUNCTION>OKAY</FUNCTION>
     </RSMPE_STAF>
    </SET>
    <DOC>
     <RSMPE_ATRT>
      <OBJ_TYPE>A</OBJ_TYPE>
      <OBJ_CODE>000001</OBJ_CODE>
      <MODAL>D</MODAL>
      <INT_NOTE>S9000</INT_NOTE>
     </RSMPE_ATRT>
     <RSMPE_ATRT>
      <OBJ_TYPE>P</OBJ_TYPE>
      <OBJ_CODE>000001</OBJ_CODE>
      <MODAL>D</MODAL>
      <INT_NOTE>S9000</INT_NOTE>
     </RSMPE_ATRT>
     <RSMPE_ATRT>
      <OBJ_TYPE>B</OBJ_TYPE>
      <OBJ_CODE>000001</OBJ_CODE>
      <SUB_CODE>0001</SUB_CODE>
      <MODAL>D</MODAL>
      <INT_NOTE>S9000</INT_NOTE>
     </RSMPE_ATRT>
    </DOC>
    <TIT>
     <RSMPE_TITT>
      <CODE>T9000</CODE>
      <TEXT>Popup Search</TEXT>
     </RSMPE_TITT>
    </TIT>
   </CUA>
  </asx:values>
 </asx:abap>
</abapGit>
