﻿<?xml version="1.0" encoding="utf-8"?>
<abapGit version="v1.0.0" serializer="LCL_OBJECT_SHLP" serializer_version="v1.0.0">
 <asx:abap xmlns:asx="http://www.sap.com/abapxml" version="1.0">
  <asx:values>
   <DD30V>
    <SHLPNAME>ZSDHF4_DEBIK</SHLPNAME>
    <DDLANGUAGE>3</DDLANGUAGE>
    <DDTEXT>계정 그룹별 고객</DDTEXT>
    <ISSIMPLE>X</ISSIMPLE>
    <SELMETHOD>SHSM_DEBIK</SELMETHOD>
    <SELMTYPE>C</SELMTYPE>
    <HOTKEY>K</HOTKEY>
    <DIALOGTYPE>A</DIALOGTYPE>
    <FUZZY_SIMILARITY>0.8</FUZZY_SIMILARITY>
   </DD30V>
   <DD32P_TABLE>
    <DD32P>
     <SHLPNAME>ZSDHF4_DEBIK</SHLPNAME>
     <FIELDNAME>KTOKD</FIELDNAME>
     <FLPOSITION>0001</FLPOSITION>
     <ROLLNAME>KTOKD</ROLLNAME>
     <SHLPSELPOS>01</SHLPSELPOS>
     <SHLPLISPOS>01</SHLPLISPOS>
     <DEFAULTVAL>&apos;1000&apos;</DEFAULTVAL>
     <DEFAULTTYP>L</DEFAULTTYP>
     <ROLLCHANGE>X</ROLLCHANGE>
     <SCRLEN3>20</SCRLEN3>
    </DD32P>
    <DD32P>
     <SHLPNAME>ZSDHF4_DEBIK</SHLPNAME>
     <FIELDNAME>SORTL</FIELDNAME>
     <FLPOSITION>0002</FLPOSITION>
     <ROLLNAME>SORTL</ROLLNAME>
     <SHLPSELPOS>02</SHLPSELPOS>
     <SHLPLISPOS>02</SHLPLISPOS>
     <ROLLCHANGE>X</ROLLCHANGE>
     <SCRLEN3>18</SCRLEN3>
    </DD32P>
    <DD32P>
     <SHLPNAME>ZSDHF4_DEBIK</SHLPNAME>
     <FIELDNAME>LAND1</FIELDNAME>
     <FLPOSITION>0003</FLPOSITION>
     <ROLLNAME>LAND1_GP</ROLLNAME>
     <SHLPSELPOS>03</SHLPSELPOS>
     <SHLPLISPOS>03</SHLPLISPOS>
     <ROLLCHANGE>X</ROLLCHANGE>
     <SCRLEN3>20</SCRLEN3>
    </DD32P>
    <DD32P>
     <SHLPNAME>ZSDHF4_DEBIK</SHLPNAME>
     <FIELDNAME>PSTLZ</FIELDNAME>
     <FLPOSITION>0004</FLPOSITION>
     <ROLLNAME>PSTLZ</ROLLNAME>
     <SHLPSELPOS>04</SHLPSELPOS>
     <SHLPLISPOS>04</SHLPLISPOS>
     <ROLLCHANGE>X</ROLLCHANGE>
     <SCRLEN3>14</SCRLEN3>
    </DD32P>
    <DD32P>
     <SHLPNAME>ZSDHF4_DEBIK</SHLPNAME>
     <FIELDNAME>MCOD3</FIELDNAME>
     <FLPOSITION>0005</FLPOSITION>
     <ROLLNAME>MCDD3</ROLLNAME>
     <SHLPSELPOS>05</SHLPSELPOS>
     <SHLPLISPOS>05</SHLPLISPOS>
     <ROLLCHANGE>X</ROLLCHANGE>
     <SCRLEN3>20</SCRLEN3>
    </DD32P>
    <DD32P>
     <SHLPNAME>ZSDHF4_DEBIK</SHLPNAME>
     <FIELDNAME>MCOD1</FIELDNAME>
     <FLPOSITION>0006</FLPOSITION>
     <ROLLNAME>MCDD1</ROLLNAME>
     <SHLPSELPOS>06</SHLPSELPOS>
     <SHLPLISPOS>06</SHLPLISPOS>
     <ROLLCHANGE>X</ROLLCHANGE>
     <SCRLEN3>20</SCRLEN3>
    </DD32P>
    <DD32P>
     <SHLPNAME>ZSDHF4_DEBIK</SHLPNAME>
     <FIELDNAME>KUNNR</FIELDNAME>
     <FLPOSITION>0007</FLPOSITION>
     <ROLLNAME>KUNNR</ROLLNAME>
     <SHLPINPUT>X</SHLPINPUT>
     <SHLPOUTPUT>X</SHLPOUTPUT>
     <SHLPSELPOS>07</SHLPSELPOS>
     <SHLPLISPOS>07</SHLPLISPOS>
     <ROLLCHANGE>X</ROLLCHANGE>
     <SCRLEN3>20</SCRLEN3>
    </DD32P>
    <DD32P>
     <SHLPNAME>ZSDHF4_DEBIK</SHLPNAME>
     <FIELDNAME>BEGRU</FIELDNAME>
     <FLPOSITION>0008</FLPOSITION>
     <ROLLNAME>BRGRU</ROLLNAME>
     <ROLLCHANGE>X</ROLLCHANGE>
     <SCRLEN3>21</SCRLEN3>
    </DD32P>
   </DD32P_TABLE>
  </asx:values>
 </asx:abap>
</abapGit>
