﻿<?xml version="1.0" encoding="utf-8"?>
<abapGit version="v1.0.0" serializer="LCL_OBJECT_W3MI" serializer_version="v2.0.0">
 <asx:abap xmlns:asx="http://www.sap.com/abapxml" version="1.0">
  <asx:values>
   <NAME>ZSDM0030</NAME>
   <TEXT>[SD] 가격마스터 등록</TEXT>
   <PARAMS>
    <WWWPARAMS>
     <NAME>fileextension</NAME>
     <VALUE>.xlsx</VALUE>
    </WWWPARAMS>
    <WWWPARAMS>
     <NAME>filename</NAME>
     <VALUE>[SD]가격마스터등록.xlsx</VALUE>
    </WWWPARAMS>
    <WWWPARAMS>
     <NAME>mimetype</NAME>
     <VALUE>excel</VALUE>
    </WWWPARAMS>
   </PARAMS>
  </asx:values>
 </asx:abap>
</abapGit>
