﻿<?xml version="1.0" encoding="utf-8"?>
<abapGit version="v1.0.0" serializer="LCL_OBJECT_W3MI" serializer_version="v2.0.0">
 <asx:abap xmlns:asx="http://www.sap.com/abapxml" version="1.0">
  <asx:values>
   <NAME>ZSDM0010_BP_CUSTOMER</NAME>
   <TEXT>SD Customer Upload Form</TEXT>
   <PARAMS>
    <WWWPARAMS>
     <NAME>fileextension</NAME>
     <VALUE>.xlsx</VALUE>
    </WWWPARAMS>
    <WWWPARAMS>
     <NAME>filename</NAME>
     <VALUE>ZSDM0010_BP_CUSTOMER.xlsx</VALUE>
    </WWWPARAMS>
    <WWWPARAMS>
     <NAME>mimetype</NAME>
     <VALUE>excel</VALUE>
    </WWWPARAMS>
   </PARAMS>
  </asx:values>
 </asx:abap>
</abapGit>
