﻿<?xml version="1.0" encoding="utf-8"?>
<abapGit version="v1.0.0" serializer="LCL_OBJECT_MSAG" serializer_version="v1.0.0">
 <asx:abap xmlns:asx="http://www.sap.com/abapxml" version="1.0">
  <asx:values>
   <T100A>
    <ARBGB>ZSDMSG01</ARBGB>
    <MASTERLANG>3</MASTERLANG>
    <STEXT>SD Message Class</STEXT>
   </T100A>
   <T100>
    <T100>
     <SPRSL>3</SPRSL>
     <ARBGB>ZSDMSG01</ARBGB>
     <MSGNR>000</MSGNR>
     <TEXT>&amp; &amp; &amp; &amp;</TEXT>
    </T100>
    <T100>
     <SPRSL>3</SPRSL>
     <ARBGB>ZSDMSG01</ARBGB>
     <MSGNR>001</MSGNR>
     <TEXT>Excel File을 지정하세요.</TEXT>
    </T100>
    <T100>
     <SPRSL>3</SPRSL>
     <ARBGB>ZSDMSG01</ARBGB>
     <MSGNR>002</MSGNR>
     <TEXT>Excel Data를 읽어오지 못하였거나 내용이 비었습니다.</TEXT>
    </T100>
    <T100>
     <SPRSL>3</SPRSL>
     <ARBGB>ZSDMSG01</ARBGB>
     <MSGNR>003</MSGNR>
     <TEXT>데이터 저장 실패, 오류를 확인하세요.&amp;</TEXT>
    </T100>
    <T100>
     <SPRSL>3</SPRSL>
     <ARBGB>ZSDMSG01</ARBGB>
     <MSGNR>004</MSGNR>
     <TEXT>조건에 부합되는 데이터가 존재하지 않습니다.</TEXT>
    </T100>
    <T100>
     <SPRSL>3</SPRSL>
     <ARBGB>ZSDMSG01</ARBGB>
     <MSGNR>005</MSGNR>
     <TEXT>조건에 해당하는 데이터가 없습니다.</TEXT>
    </T100>
    <T100>
     <SPRSL>3</SPRSL>
     <ARBGB>ZSDMSG01</ARBGB>
     <MSGNR>006</MSGNR>
     <TEXT>&amp;1건의 데이터가 조회되었습니다.</TEXT>
    </T100>
    <T100>
     <SPRSL>3</SPRSL>
     <ARBGB>ZSDMSG01</ARBGB>
     <MSGNR>007</MSGNR>
     <TEXT>실행 취소 되었습니다!</TEXT>
    </T100>
    <T100>
     <SPRSL>3</SPRSL>
     <ARBGB>ZSDMSG01</ARBGB>
     <MSGNR>012</MSGNR>
     <TEXT>&amp;1 건의 데이터가 성공적으로 저장되었습니다.</TEXT>
    </T100>
    <T100>
     <SPRSL>3</SPRSL>
     <ARBGB>ZSDMSG01</ARBGB>
     <MSGNR>013</MSGNR>
    </T100>
    <T100>
     <SPRSL>3</SPRSL>
     <ARBGB>ZSDMSG01</ARBGB>
     <MSGNR>014</MSGNR>
     <TEXT>&amp;1 건의 데이터가 저장에 실패하였습니다.</TEXT>
    </T100>
    <T100>
     <SPRSL>3</SPRSL>
     <ARBGB>ZSDMSG01</ARBGB>
     <MSGNR>015</MSGNR>
     <TEXT>Error : 기존 데이터 삭제하는데 실패하였습니다!</TEXT>
    </T100>
    <T100>
     <SPRSL>3</SPRSL>
     <ARBGB>ZSDMSG01</ARBGB>
     <MSGNR>020</MSGNR>
     <TEXT>엑셀 데이터에 오류 항목이 포함되었습니다. 메시지를 확인하세요.</TEXT>
    </T100>
    <T100>
     <SPRSL>3</SPRSL>
     <ARBGB>ZSDMSG01</ARBGB>
     <MSGNR>021</MSGNR>
     <TEXT>데이터에 오류 항목이 포함되었습니다. 메시지를 확인하세요.</TEXT>
    </T100>
    <T100>
     <SPRSL>3</SPRSL>
     <ARBGB>ZSDMSG01</ARBGB>
     <MSGNR>030</MSGNR>
     <TEXT>Error : 파일경로가 올바르지 않습니다!</TEXT>
    </T100>
    <T100>
     <SPRSL>3</SPRSL>
     <ARBGB>ZSDMSG01</ARBGB>
     <MSGNR>031</MSGNR>
     <TEXT>Error : 파일 업로드중 오류가 발생하였습니다!</TEXT>
    </T100>
    <T100>
     <SPRSL>3</SPRSL>
     <ARBGB>ZSDMSG01</ARBGB>
     <MSGNR>050</MSGNR>
     <TEXT>Import Parameter: &amp;가 누락되었습니다.</TEXT>
    </T100>
    <T100>
     <SPRSL>3</SPRSL>
     <ARBGB>ZSDMSG01</ARBGB>
     <MSGNR>099</MSGNR>
     <TEXT>Error : &amp;1 은(는) 필수 입력입니다!</TEXT>
    </T100>
    <T100>
     <SPRSL>3</SPRSL>
     <ARBGB>ZSDMSG01</ARBGB>
     <MSGNR>100</MSGNR>
     <TEXT>Error : 등록되지 않은 &amp;1&amp;2&amp;3 입니다!</TEXT>
    </T100>
    <T100>
     <SPRSL>3</SPRSL>
     <ARBGB>ZSDMSG01</ARBGB>
     <MSGNR>101</MSGNR>
     <TEXT>Error : &amp;1&amp;2 가 등록되지 않았습니다!</TEXT>
    </T100>
    <T100>
     <SPRSL>3</SPRSL>
     <ARBGB>ZSDMSG01</ARBGB>
     <MSGNR>901</MSGNR>
     <TEXT>선수금입금번호는 12자리까지만 입력 가능 합니다.</TEXT>
    </T100>
    <T100>
     <SPRSL>3</SPRSL>
     <ARBGB>ZSDMSG01</ARBGB>
     <MSGNR>902</MSGNR>
     <TEXT>폐기된 자산번호 입니다.</TEXT>
    </T100>
    <T100>
     <SPRSL>3</SPRSL>
     <ARBGB>ZSDMSG01</ARBGB>
     <MSGNR>903</MSGNR>
     <TEXT>&amp;1 정확한 임대자산번호를 입력 하세요.</TEXT>
    </T100>
    <T100>
     <SPRSL>3</SPRSL>
     <ARBGB>ZSDMSG01</ARBGB>
     <MSGNR>904</MSGNR>
     <TEXT>무상납품에 대한 승인 권한이 없습니다.</TEXT>
    </T100>
    <T100>
     <SPRSL>3</SPRSL>
     <ARBGB>ZSDMSG01</ARBGB>
     <MSGNR>905</MSGNR>
     <TEXT>&amp;1 &amp;2</TEXT>
    </T100>
    <T100>
     <SPRSL>3</SPRSL>
     <ARBGB>ZSDMSG01</ARBGB>
     <MSGNR>906</MSGNR>
     <TEXT>&amp;1 의 &amp;2 &amp;3 환율이 입력되지 않았습니다.</TEXT>
    </T100>
    <T100>
     <SPRSL>3</SPRSL>
     <ARBGB>ZSDMSG01</ARBGB>
     <MSGNR>907</MSGNR>
     <TEXT>세금계산서가 발행 되었습니다. 먼저 세금계산서를 취소하세요.</TEXT>
    </T100>
    <T100>
     <SPRSL>3</SPRSL>
     <ARBGB>ZSDMSG01</ARBGB>
     <MSGNR>908</MSGNR>
     <TEXT>외부납품번호에 WMS납품번호를 입력하세요.</TEXT>
    </T100>
    <T100>
     <SPRSL>3</SPRSL>
     <ARBGB>ZSDMSG01</ARBGB>
     <MSGNR>909</MSGNR>
     <TEXT>오더사유를 먼저 입력 하세요. 비용계정이 다르게 처리될 수 있습니다.</TEXT>
    </T100>
    <T100>
     <SPRSL>3</SPRSL>
     <ARBGB>ZSDMSG01</ARBGB>
     <MSGNR>999</MSGNR>
     <TEXT>&amp; &amp; &amp; &amp;</TEXT>
    </T100>
   </T100>
  </asx:values>
 </asx:abap>
</abapGit>
