﻿<?xml version="1.0" encoding="utf-8"?>
<abapGit version="v1.0.0" serializer="LCL_OBJECT_NROB" serializer_version="v1.0.0">
 <asx:abap xmlns:asx="http://www.sap.com/abapxml" version="1.0">
  <asx:values>
   <ATTRIBUTES>
    <OBJECT>ZSDNR02</OBJECT>
    <DOMLEN>NUM10</DOMLEN>
    <PERCENTAGE>98.0</PERCENTAGE>
    <BUFFER>X</BUFFER>
    <NOIVBUFFER>00000010</NOIVBUFFER>
   </ATTRIBUTES>
   <TEXT>
    <LANGU>3</LANGU>
    <OBJECT>ZSDNR02</OBJECT>
    <TXT>처방실적번호</TXT>
    <TXTSHORT>[SD] 처방실적번호</TXTSHORT>
   </TEXT>
  </asx:values>
 </asx:abap>
</abapGit>
