﻿<?xml version="1.0" encoding="utf-8"?>
<abapGit version="v1.0.0" serializer="LCL_OBJECT_NROB" serializer_version="v1.0.0">
 <asx:abap xmlns:asx="http://www.sap.com/abapxml" version="1.0">
  <asx:values>
   <ATTRIBUTES>
    <OBJECT>ZSDNR01</OBJECT>
    <DOMLEN>NUM10</DOMLEN>
    <PERCENTAGE>98.0</PERCENTAGE>
    <BUFFER>X</BUFFER>
    <NOIVBUFFER>00000010</NOIVBUFFER>
    <UNAME>ABAP02</UNAME>
    <UDATE>2023-08-18</UDATE>
    <UTIME>16:03:50</UTIME>
   </ATTRIBUTES>
   <TEXT>
    <LANGU>3</LANGU>
    <OBJECT>ZSDNR01</OBJECT>
    <TXT>대리점 주문 - 주문요처번호</TXT>
    <TXTSHORT>[SD] 대리점 주문</TXTSHORT>
   </TEXT>
  </asx:values>
 </asx:abap>
</abapGit>
