﻿<?xml version="1.0" encoding="utf-8"?>
<abapGit version="v1.0.0" serializer="LCL_OBJECT_PROG" serializer_version="v1.0.0">
 <asx:abap xmlns:asx="http://www.sap.com/abapxml" version="1.0">
  <asx:values>
   <PROGDIR>
    <NAME>ZSDR0040</NAME>
    <SUBC>1</SUBC>
    <RLOAD>3</RLOAD>
    <FIXPT>X</FIXPT>
    <UCCHECK>X</UCCHECK>
   </PROGDIR>
   <DYNPROS>
    <item>
     <HEADER>
      <PROGRAM>ZSDR0040</PROGRAM>
      <SCREEN>0100</SCREEN>
      <LANGUAGE>3</LANGUAGE>
      <DESCRIPT>Main Screen</DESCRIPT>
      <TYPE>N</TYPE>
      <NEXTSCREEN>0100</NEXTSCREEN>
      <LINES>200</LINES>
      <COLUMNS>255</COLUMNS>
      <NO_TOOLBAR>X</NO_TOOLBAR>
     </HEADER>
     <CONTAINERS>
      <RPY_DYCATT>
       <TYPE>SCREEN</TYPE>
       <NAME>SCREEN</NAME>
      </RPY_DYCATT>
     </CONTAINERS>
     <FIELDS>
      <RPY_DYFATC>
       <CONT_TYPE>SCREEN</CONT_TYPE>
       <CONT_NAME>SCREEN</CONT_NAME>
       <TYPE>OKCODE</TYPE>
       <NAME>OK_CODE</NAME>
       <TEXT>____________________</TEXT>
       <LENGTH>020</LENGTH>
       <VISLENGTH>020</VISLENGTH>
       <HEIGHT>001</HEIGHT>
       <FORMAT>CHAR</FORMAT>
       <INPUT_FLD>X</INPUT_FLD>
      </RPY_DYFATC>
     </FIELDS>
     <FLOW_LOGIC>
      <RPY_DYFLOW>
       <LINE>PROCESS BEFORE OUTPUT.</LINE>
      </RPY_DYFLOW>
      <RPY_DYFLOW/>
      <RPY_DYFLOW>
       <LINE>  MODULE STATUS_0100.</LINE>
      </RPY_DYFLOW>
      <RPY_DYFLOW>
       <LINE>*  MODULE SET_STYLE_0100.</LINE>
      </RPY_DYFLOW>
      <RPY_DYFLOW>
       <LINE>  MODULE SET_ALV_DISPLAY_0100.           &quot; ALV Display</LINE>
      </RPY_DYFLOW>
      <RPY_DYFLOW>
       <LINE>*</LINE>
      </RPY_DYFLOW>
      <RPY_DYFLOW>
       <LINE>PROCESS AFTER INPUT.</LINE>
      </RPY_DYFLOW>
      <RPY_DYFLOW/>
      <RPY_DYFLOW>
       <LINE>  MODULE EXIT_UCOMM AT EXIT-COMMAND.</LINE>
      </RPY_DYFLOW>
      <RPY_DYFLOW/>
      <RPY_DYFLOW>
       <LINE>  MODULE USER_COMMAND_0100.</LINE>
      </RPY_DYFLOW>
     </FLOW_LOGIC>
    </item>
   </DYNPROS>
   <CUA>
    <ADM>
     <ACTCODE>000001</ACTCODE>
     <PFKCODE>000001</PFKCODE>
    </ADM>
    <STA>
     <RSMPE_STAT>
      <CODE>ST0100</CODE>
      <MODAL>D</MODAL>
      <ACTCODE>000001</ACTCODE>
      <PFKCODE>000001</PFKCODE>
      <BUTCODE>0001</BUTCODE>
      <INT_NOTE>ST0100</INT_NOTE>
     </RSMPE_STAT>
    </STA>
    <FUN>
     <RSMPE_FUNT>
      <CODE>BACK</CODE>
      <TEXTNO>001</TEXTNO>
      <TYPE>E</TYPE>
      <TEXT_TYPE>S</TEXT_TYPE>
      <FUN_TEXT>뒤로</FUN_TEXT>
     </RSMPE_FUNT>
     <RSMPE_FUNT>
      <CODE>CANC</CODE>
      <TEXTNO>001</TEXTNO>
      <TYPE>E</TYPE>
      <TEXT_TYPE>S</TEXT_TYPE>
      <TEXT_NAME>ICON_CANCEL</TEXT_NAME>
      <ICON_ID>@0W@</ICON_ID>
      <FUN_TEXT>취소</FUN_TEXT>
     </RSMPE_FUNT>
     <RSMPE_FUNT>
      <CODE>EXIT</CODE>
      <TEXTNO>001</TEXTNO>
      <TYPE>E</TYPE>
      <TEXT_TYPE>S</TEXT_TYPE>
      <FUN_TEXT>종료</FUN_TEXT>
     </RSMPE_FUNT>
    </FUN>
    <PFK>
     <RSMPE_PFK>
      <CODE>000001</CODE>
      <PFNO>03</PFNO>
      <FUNCODE>BACK</FUNCODE>
      <FUNNO>001</FUNNO>
     </RSMPE_PFK>
     <RSMPE_PFK>
      <CODE>000001</CODE>
      <PFNO>12</PFNO>
      <FUNCODE>CANC</FUNCODE>
      <FUNNO>001</FUNNO>
     </RSMPE_PFK>
     <RSMPE_PFK>
      <CODE>000001</CODE>
      <PFNO>15</PFNO>
      <FUNCODE>EXIT</FUNCODE>
      <FUNNO>001</FUNNO>
     </RSMPE_PFK>
    </PFK>
    <SET>
     <RSMPE_STAF>
      <STATUS>ST0100</STATUS>
      <FUNCTION>BACK</FUNCTION>
     </RSMPE_STAF>
     <RSMPE_STAF>
      <STATUS>ST0100</STATUS>
      <FUNCTION>CANC</FUNCTION>
     </RSMPE_STAF>
     <RSMPE_STAF>
      <STATUS>ST0100</STATUS>
      <FUNCTION>EXIT</FUNCTION>
     </RSMPE_STAF>
    </SET>
    <DOC>
     <RSMPE_ATRT>
      <OBJ_TYPE>A</OBJ_TYPE>
      <OBJ_CODE>000001</OBJ_CODE>
      <MODAL>D</MODAL>
      <INT_NOTE>ST0100</INT_NOTE>
     </RSMPE_ATRT>
     <RSMPE_ATRT>
      <OBJ_TYPE>P</OBJ_TYPE>
      <OBJ_CODE>000001</OBJ_CODE>
      <MODAL>D</MODAL>
      <INT_NOTE>ST0100</INT_NOTE>
     </RSMPE_ATRT>
     <RSMPE_ATRT>
      <OBJ_TYPE>B</OBJ_TYPE>
      <OBJ_CODE>000001</OBJ_CODE>
      <SUB_CODE>0001</SUB_CODE>
      <MODAL>D</MODAL>
      <INT_NOTE>ST0100</INT_NOTE>
     </RSMPE_ATRT>
    </DOC>
    <TIT>
     <RSMPE_TITT>
      <CODE>TT0100</CODE>
      <TEXT>&amp;1</TEXT>
     </RSMPE_TITT>
    </TIT>
   </CUA>
   <TPOOL>
    <item>
     <ID>I</ID>
     <KEY>B10</KEY>
     <ENTRY>출고허용</ENTRY>
     <LENGTH>14</LENGTH>
    </item>
    <item>
     <ID>I</ID>
     <KEY>B11</KEY>
     <ENTRY>여신재점검</ENTRY>
     <LENGTH>15</LENGTH>
    </item>
    <item>
     <ID>I</ID>
     <KEY>B12</KEY>
     <ENTRY>확정수량변경</ENTRY>
     <LENGTH>16</LENGTH>
    </item>
    <item>
     <ID>I</ID>
     <KEY>B13</KEY>
     <ENTRY>REFRESH</ENTRY>
     <LENGTH>17</LENGTH>
    </item>
    <item>
     <ID>I</ID>
     <KEY>B14</KEY>
     <ENTRY>출고통제</ENTRY>
     <LENGTH>14</LENGTH>
    </item>
    <item>
     <ID>I</ID>
     <KEY>F08</KEY>
     <ENTRY>상태</ENTRY>
     <LENGTH>12</LENGTH>
    </item>
    <item>
     <ID>I</ID>
     <KEY>F09</KEY>
     <ENTRY>메세지</ENTRY>
     <LENGTH>13</LENGTH>
    </item>
    <item>
     <ID>I</ID>
     <KEY>F10</KEY>
     <ENTRY>Icon</ENTRY>
     <LENGTH>14</LENGTH>
    </item>
    <item>
     <ID>I</ID>
     <KEY>F11</KEY>
     <ENTRY>진행상태</ENTRY>
     <LENGTH>14</LENGTH>
    </item>
    <item>
     <ID>I</ID>
     <KEY>F12</KEY>
     <ENTRY>여신부족</ENTRY>
     <LENGTH>14</LENGTH>
    </item>
    <item>
     <ID>I</ID>
     <KEY>F13</KEY>
     <ENTRY>출하통제</ENTRY>
     <LENGTH>14</LENGTH>
    </item>
    <item>
     <ID>I</ID>
     <KEY>F14</KEY>
     <ENTRY>재고부족</ENTRY>
     <LENGTH>14</LENGTH>
    </item>
    <item>
     <ID>I</ID>
     <KEY>F22</KEY>
     <ENTRY>판매처명</ENTRY>
     <LENGTH>14</LENGTH>
    </item>
    <item>
     <ID>I</ID>
     <KEY>F27</KEY>
     <ENTRY>확정수량</ENTRY>
     <LENGTH>14</LENGTH>
    </item>
    <item>
     <ID>I</ID>
     <KEY>F33</KEY>
     <ENTRY>오더사유</ENTRY>
     <LENGTH>14</LENGTH>
    </item>
    <item>
     <ID>I</ID>
     <KEY>F34</KEY>
     <ENTRY>거절사유</ENTRY>
     <LENGTH>14</LENGTH>
    </item>
    <item>
     <ID>I</ID>
     <KEY>F35</KEY>
     <ENTRY>실납병원</ENTRY>
     <LENGTH>14</LENGTH>
    </item>
    <item>
     <ID>I</ID>
     <KEY>F36</KEY>
     <ENTRY>실납병원명</ENTRY>
     <LENGTH>15</LENGTH>
    </item>
    <item>
     <ID>I</ID>
     <KEY>F41</KEY>
     <ENTRY>납품처</ENTRY>
     <LENGTH>13</LENGTH>
    </item>
    <item>
     <ID>I</ID>
     <KEY>F42</KEY>
     <ENTRY>납품처명</ENTRY>
     <LENGTH>14</LENGTH>
    </item>
    <item>
     <ID>I</ID>
     <KEY>F47</KEY>
     <ENTRY>자재가용일</ENTRY>
     <LENGTH>15</LENGTH>
    </item>
    <item>
     <ID>I</ID>
     <KEY>F54</KEY>
     <ENTRY>영업사원</ENTRY>
     <LENGTH>14</LENGTH>
    </item>
    <item>
     <ID>I</ID>
     <KEY>F55</KEY>
     <ENTRY>영업사원명</ENTRY>
     <LENGTH>15</LENGTH>
    </item>
    <item>
     <ID>I</ID>
     <KEY>F59</KEY>
     <ENTRY>문서텍스트</ENTRY>
     <LENGTH>15</LENGTH>
    </item>
    <item>
     <ID>I</ID>
     <KEY>M10</KEY>
     <ENTRY>Error : 출하 허용 상태인 데이터가 선택되었습니다!</ENTRY>
     <LENGTH>62</LENGTH>
    </item>
    <item>
     <ID>I</ID>
     <KEY>M11</KEY>
     <ENTRY>Error : 여신BLOCK 상태인 데이터만 선택 가능합니다!</ENTRY>
     <LENGTH>68</LENGTH>
    </item>
    <item>
     <ID>I</ID>
     <KEY>M12</KEY>
     <ENTRY>Error : 재고부족 상태인 데이터만 선택 가능합니다!</ENTRY>
     <LENGTH>70</LENGTH>
    </item>
    <item>
     <ID>I</ID>
     <KEY>M13</KEY>
     <ENTRY>Error : 출하 통제 가능하지 않은 데이터가 선택되었습니다!</ENTRY>
     <LENGTH>70</LENGTH>
    </item>
    <item>
     <ID>I</ID>
     <KEY>S01</KEY>
     <ENTRY>판매문서 데이터</ENTRY>
     <LENGTH>18</LENGTH>
    </item>
    <item>
     <ID>I</ID>
     <KEY>S02</KEY>
     <ENTRY>파트너</ENTRY>
     <LENGTH>13</LENGTH>
    </item>
    <item>
     <ID>I</ID>
     <KEY>S03</KEY>
     <ENTRY>조직데이터</ENTRY>
     <LENGTH>15</LENGTH>
    </item>
    <item>
     <ID>I</ID>
     <KEY>S04</KEY>
     <ENTRY>선택기준</ENTRY>
     <LENGTH>14</LENGTH>
    </item>
    <item>
     <ID>I</ID>
     <KEY>ST1</KEY>
     <ENTRY>주문취소</ENTRY>
     <LENGTH>14</LENGTH>
    </item>
    <item>
     <ID>I</ID>
     <KEY>ST2</KEY>
     <ENTRY>승인대기</ENTRY>
     <LENGTH>14</LENGTH>
    </item>
    <item>
     <ID>I</ID>
     <KEY>ST3</KEY>
     <ENTRY>주문접수</ENTRY>
     <LENGTH>14</LENGTH>
    </item>
    <item>
     <ID>I</ID>
     <KEY>ST4</KEY>
     <ENTRY>출하중</ENTRY>
     <LENGTH>13</LENGTH>
    </item>
    <item>
     <ID>I</ID>
     <KEY>ST5</KEY>
     <ENTRY>출하완료</ENTRY>
     <LENGTH>14</LENGTH>
    </item>
    <item>
     <ID>I</ID>
     <KEY>ST6</KEY>
     <ENTRY>대금청구중</ENTRY>
     <LENGTH>15</LENGTH>
    </item>
    <item>
     <ID>I</ID>
     <KEY>ST7</KEY>
     <ENTRY>대금청구완료</ENTRY>
     <LENGTH>16</LENGTH>
    </item>
    <item>
     <ID>R</ID>
     <ENTRY>[SD] 주문진행 현황</ENTRY>
     <LENGTH>12</LENGTH>
    </item>
    <item>
     <ID>S</ID>
     <KEY>P_CREDIT</KEY>
     <ENTRY>여신부족</ENTRY>
     <LENGTH>12</LENGTH>
    </item>
    <item>
     <ID>S</ID>
     <KEY>P_SPCNT</KEY>
     <ENTRY>출하통제</ENTRY>
     <LENGTH>12</LENGTH>
    </item>
    <item>
     <ID>S</ID>
     <KEY>P_STOCK</KEY>
     <ENTRY>재고부족</ENTRY>
     <LENGTH>12</LENGTH>
    </item>
    <item>
     <ID>S</ID>
     <KEY>P_VBALL</KEY>
     <ENTRY>모든 판매오더</ENTRY>
     <LENGTH>15</LENGTH>
    </item>
    <item>
     <ID>S</ID>
     <KEY>P_VBOFF</KEY>
     <ENTRY>미결 판매오더</ENTRY>
     <LENGTH>15</LENGTH>
    </item>
    <item>
     <ID>S</ID>
     <KEY>S_AUART</KEY>
     <ENTRY>.</ENTRY>
     <LENGTH>9</LENGTH>
     <SPLIT>D</SPLIT>
    </item>
    <item>
     <ID>S</ID>
     <KEY>S_AUDAT</KEY>
     <ENTRY>.</ENTRY>
     <LENGTH>9</LENGTH>
     <SPLIT>D</SPLIT>
    </item>
    <item>
     <ID>S</ID>
     <KEY>S_BSTKD</KEY>
     <ENTRY>.</ENTRY>
     <LENGTH>9</LENGTH>
     <SPLIT>D</SPLIT>
    </item>
    <item>
     <ID>S</ID>
     <KEY>S_ERDAT</KEY>
     <ENTRY>.</ENTRY>
     <LENGTH>9</LENGTH>
     <SPLIT>D</SPLIT>
    </item>
    <item>
     <ID>S</ID>
     <KEY>S_KUNNR</KEY>
     <ENTRY>.</ENTRY>
     <LENGTH>9</LENGTH>
     <SPLIT>D</SPLIT>
    </item>
    <item>
     <ID>S</ID>
     <KEY>S_MATNR</KEY>
     <ENTRY>.</ENTRY>
     <LENGTH>9</LENGTH>
     <SPLIT>D</SPLIT>
    </item>
    <item>
     <ID>S</ID>
     <KEY>S_PARTN</KEY>
     <ENTRY>.</ENTRY>
     <LENGTH>11</LENGTH>
     <SPLIT>D</SPLIT>
    </item>
    <item>
     <ID>S</ID>
     <KEY>S_PARVW</KEY>
     <ENTRY>.</ENTRY>
     <LENGTH>9</LENGTH>
     <SPLIT>D</SPLIT>
    </item>
    <item>
     <ID>S</ID>
     <KEY>S_SPART</KEY>
     <ENTRY>.</ENTRY>
     <LENGTH>9</LENGTH>
     <SPLIT>D</SPLIT>
    </item>
    <item>
     <ID>S</ID>
     <KEY>S_VBELN</KEY>
     <ENTRY>.</ENTRY>
     <LENGTH>9</LENGTH>
     <SPLIT>D</SPLIT>
    </item>
    <item>
     <ID>S</ID>
     <KEY>S_VKBUR</KEY>
     <ENTRY>.</ENTRY>
     <LENGTH>9</LENGTH>
     <SPLIT>D</SPLIT>
    </item>
    <item>
     <ID>S</ID>
     <KEY>S_VKGRP</KEY>
     <ENTRY>.</ENTRY>
     <LENGTH>9</LENGTH>
     <SPLIT>D</SPLIT>
    </item>
    <item>
     <ID>S</ID>
     <KEY>S_VKORG</KEY>
     <ENTRY>.</ENTRY>
     <LENGTH>9</LENGTH>
     <SPLIT>D</SPLIT>
    </item>
    <item>
     <ID>S</ID>
     <KEY>S_VSTEL</KEY>
     <ENTRY>.</ENTRY>
     <LENGTH>9</LENGTH>
     <SPLIT>D</SPLIT>
    </item>
    <item>
     <ID>S</ID>
     <KEY>S_VTWEG</KEY>
     <ENTRY>.</ENTRY>
     <LENGTH>9</LENGTH>
     <SPLIT>D</SPLIT>
    </item>
    <item>
     <ID>S</ID>
     <KEY>S_WERKS</KEY>
     <ENTRY>.</ENTRY>
     <LENGTH>9</LENGTH>
     <SPLIT>D</SPLIT>
    </item>
   </TPOOL>
  </asx:values>
 </asx:abap>
</abapGit>
