﻿<?xml version="1.0" encoding="utf-8"?>
<abapGit version="v1.0.0" serializer="LCL_OBJECT_TABL" serializer_version="v1.0.0">
 <asx:abap xmlns:asx="http://www.sap.com/abapxml" version="1.0">
  <asx:values>
   <DD02V>
    <TABNAME>ZSDRSS0011</TABNAME>
    <DDLANGUAGE>3</DDLANGUAGE>
    <TABCLASS>INTTAB</TABCLASS>
    <DDTEXT>[SD] 대리점 주문 등록 - Screen</DDTEXT>
    <EXCLASS>4</EXCLASS>
   </DD02V>
   <DD03P_TABLE>
    <DD03P>
     <FIELDNAME>RETURN_STATUS</FIELDNAME>
     <ROLLNAME>ZSDMDE_STATUS</ROLLNAME>
     <ADMINFIELD>0</ADMINFIELD>
     <COMPTYPE>E</COMPTYPE>
    </DD03P>
    <DD03P>
     <FIELDNAME>BSTNK</FIELDNAME>
     <ROLLNAME>ZSDE_BSTNK</ROLLNAME>
     <ADMINFIELD>0</ADMINFIELD>
     <COMPTYPE>E</COMPTYPE>
    </DD03P>
    <DD03P>
     <FIELDNAME>BSTDK</FIELDNAME>
     <ROLLNAME>ZSDE_BSTDK</ROLLNAME>
     <ADMINFIELD>0</ADMINFIELD>
     <SHLPORIGIN>T</SHLPORIGIN>
     <COMPTYPE>E</COMPTYPE>
    </DD03P>
    <DD03P>
     <FIELDNAME>KUNAG</FIELDNAME>
     <ROLLNAME>ZSDE_BP_AGENCY</ROLLNAME>
     <ADMINFIELD>0</ADMINFIELD>
     <SHLPORIGIN>X</SHLPORIGIN>
     <COMPTYPE>E</COMPTYPE>
     <BIDICTRLC>X</BIDICTRLC>
    </DD03P>
    <DD03P>
     <FIELDNAME>KUNAG_NAME</FIELDNAME>
     <ROLLNAME>ZSDE_BP_AGENCY_NAME</ROLLNAME>
     <ADMINFIELD>0</ADMINFIELD>
     <COMPTYPE>E</COMPTYPE>
    </DD03P>
    <DD03P>
     <FIELDNAME>KUNWE</FIELDNAME>
     <ROLLNAME>KUNWE</ROLLNAME>
     <ADMINFIELD>0</ADMINFIELD>
     <COMPTYPE>E</COMPTYPE>
    </DD03P>
    <DD03P>
     <FIELDNAME>KUNWE_NAME</FIELDNAME>
     <ROLLNAME>ZSDE_KUNWE_NAME</ROLLNAME>
     <ADMINFIELD>0</ADMINFIELD>
     <COMPTYPE>E</COMPTYPE>
    </DD03P>
    <DD03P>
     <FIELDNAME>KUNU5</FIELDNAME>
     <ROLLNAME>ZSDE_KUNU5</ROLLNAME>
     <ADMINFIELD>0</ADMINFIELD>
     <COMPTYPE>E</COMPTYPE>
    </DD03P>
    <DD03P>
     <FIELDNAME>KUNU5_NAME</FIELDNAME>
     <ROLLNAME>ZSDE_KUNU5_NAME</ROLLNAME>
     <ADMINFIELD>0</ADMINFIELD>
     <COMPTYPE>E</COMPTYPE>
    </DD03P>
    <DD03P>
     <FIELDNAME>KONDA</FIELDNAME>
     <ROLLNAME>ZSDE_KONDA</ROLLNAME>
     <ADMINFIELD>0</ADMINFIELD>
     <COMPTYPE>E</COMPTYPE>
    </DD03P>
    <DD03P>
     <FIELDNAME>VDATU</FIELDNAME>
     <ROLLNAME>KETDAT</ROLLNAME>
     <ADMINFIELD>0</ADMINFIELD>
     <COMPTYPE>E</COMPTYPE>
    </DD03P>
    <DD03P>
     <FIELDNAME>AUART</FIELDNAME>
     <ROLLNAME>AUART</ROLLNAME>
     <ADMINFIELD>0</ADMINFIELD>
     <COMPTYPE>E</COMPTYPE>
    </DD03P>
    <DD03P>
     <FIELDNAME>AUGRU</FIELDNAME>
     <ROLLNAME>AUGRU</ROLLNAME>
     <ADMINFIELD>0</ADMINFIELD>
     <COMPTYPE>E</COMPTYPE>
    </DD03P>
    <DD03P>
     <FIELDNAME>ZMEMO</FIELDNAME>
     <ROLLNAME>ZSDE_REQMEMO</ROLLNAME>
     <ADMINFIELD>0</ADMINFIELD>
     <COMPTYPE>E</COMPTYPE>
    </DD03P>
    <DD03P>
     <FIELDNAME>MATNR</FIELDNAME>
     <ROLLNAME>MATNR</ROLLNAME>
     <ADMINFIELD>0</ADMINFIELD>
     <SHLPORIGIN>D</SHLPORIGIN>
     <COMPTYPE>E</COMPTYPE>
    </DD03P>
    <DD03P>
     <FIELDNAME>MAKTX</FIELDNAME>
     <ROLLNAME>MAKTX</ROLLNAME>
     <ADMINFIELD>0</ADMINFIELD>
     <COMPTYPE>E</COMPTYPE>
    </DD03P>
    <DD03P>
     <FIELDNAME>KWMENG</FIELDNAME>
     <ROLLNAME>KWMENG</ROLLNAME>
     <ADMINFIELD>0</ADMINFIELD>
     <REFTABLE>ZSDRSS0011</REFTABLE>
     <REFFIELD>VRKME</REFFIELD>
     <COMPTYPE>E</COMPTYPE>
    </DD03P>
    <DD03P>
     <FIELDNAME>VRKME</FIELDNAME>
     <ROLLNAME>VRKME</ROLLNAME>
     <ADMINFIELD>0</ADMINFIELD>
     <COMPTYPE>E</COMPTYPE>
    </DD03P>
    <DD03P>
     <FIELDNAME>VBELN_RF</FIELDNAME>
     <ROLLNAME>VBELN_VF</ROLLNAME>
     <ADMINFIELD>0</ADMINFIELD>
     <COMPTYPE>E</COMPTYPE>
    </DD03P>
    <DD03P>
     <FIELDNAME>POSNR_RF</FIELDNAME>
     <ROLLNAME>POSNR_VF</ROLLNAME>
     <ADMINFIELD>0</ADMINFIELD>
     <COMPTYPE>E</COMPTYPE>
    </DD03P>
    <DD03P>
     <FIELDNAME>RETURN_MESSAGE</FIELDNAME>
     <ROLLNAME>ZSDMDE_MESSAGE</ROLLNAME>
     <ADMINFIELD>0</ADMINFIELD>
     <COMPTYPE>E</COMPTYPE>
    </DD03P>
    <DD03P>
     <FIELDNAME>RETURN_TYPE</FIELDNAME>
     <ROLLNAME>BAPI_MTYPE</ROLLNAME>
     <ADMINFIELD>0</ADMINFIELD>
     <COMPTYPE>E</COMPTYPE>
    </DD03P>
    <DD03P>
     <FIELDNAME>VBELN</FIELDNAME>
     <ROLLNAME>VBELN</ROLLNAME>
     <ADMINFIELD>0</ADMINFIELD>
     <COMPTYPE>E</COMPTYPE>
    </DD03P>
   </DD03P_TABLE>
   <DD35V_TALE>
    <DD35V>
     <FIELDNAME>KUNAG</FIELDNAME>
     <SHLPNAME>ZSDHF4_DEBIK</SHLPNAME>
    </DD35V>
   </DD35V_TALE>
   <DD36M>
    <DD36M>
     <FIELDNAME>KUNAG</FIELDNAME>
     <SHLPNAME>ZSDHF4_DEBIK</SHLPNAME>
     <SHLPFIELD>KUNNR</SHLPFIELD>
     <FLPOSITION>0007</FLPOSITION>
     <SHTABLE>ZSDRSS0011</SHTABLE>
     <SHFIELD>KUNAG</SHFIELD>
     <SHLPINPUT>X</SHLPINPUT>
     <SHLPOUTPUT>X</SHLPOUTPUT>
     <ROLLNAME>KUNNR</ROLLNAME>
     <DOMNAME>KUNNR</DOMNAME>
     <DATATYPE>CHAR</DATATYPE>
     <LENG>000010</LENG>
    </DD36M>
   </DD36M>
  </asx:values>
 </asx:abap>
</abapGit>
