﻿<?xml version="1.0" encoding="utf-8"?>
<abapGit version="v1.0.0" serializer="LCL_OBJECT_TTYP" serializer_version="v1.0.0">
 <asx:abap xmlns:asx="http://www.sap.com/abapxml" version="1.0">
  <asx:values>
   <DD40V>
    <TYPENAME>ZSDTY_DELNOTEP</TYPENAME>
    <DDLANGUAGE>3</DDLANGUAGE>
    <ROWTYPE>ZSDS_DELNOTEP</ROWTYPE>
    <ROWKIND>S</ROWKIND>
    <DATATYPE>STRU</DATATYPE>
    <ACCESSMODE>T</ACCESSMODE>
    <KEYDEF>D</KEYDEF>
    <KEYKIND>N</KEYKIND>
    <DDTEXT>[SD] 납품서 품목 데이터 : PDF 전송</DDTEXT>
   </DD40V>
  </asx:values>
 </asx:abap>
</abapGit>
