﻿<?xml version="1.0" encoding="utf-8"?>
<abapGit version="v1.0.0" serializer="LCL_OBJECT_SCVI" serializer_version="v1.0.0">
 <asx:abap xmlns:asx="http://www.sap.com/abapxml" version="1.0">
  <asx:values>
   <SCVI>
    <SHDSVCI>
     <SCVARIANT>ZVA45_0281</SCVARIANT>
     <PROGNAME>SAPLSVAR</PROGNAME>
     <DYNPRO>0281</DYNPRO>
     <VERSION>1</VERSION>
    </SHDSVCI>
    <SHDSVTXCI>
     <SHDSVTXCI>
      <LANGU>3</LANGU>
      <SCVARIANT>ZVA45_0281</SCVARIANT>
     </SHDSVTXCI>
    </SHDSVTXCI>
   </SCVI>
  </asx:values>
 </asx:abap>
</abapGit>
