﻿<?xml version="1.0" encoding="utf-8"?>
<abapGit version="v1.0.0" serializer="LCL_OBJECT_TABL" serializer_version="v1.0.0">
 <asx:abap xmlns:asx="http://www.sap.com/abapxml" version="1.0">
  <asx:values>
   <DD02V>
    <TABNAME>ZZBILLDOC</TABNAME>
    <DDLANGUAGE>3</DDLANGUAGE>
    <TABCLASS>APPEND</TABCLASS>
    <SQLTAB>ERPSLS_BILLDOC</SQLTAB>
    <DDTEXT>추가필드</DDTEXT>
   </DD02V>
   <DD03P_TABLE>
    <DD03P>
     <FIELDNAME>KUNAG_NAME</FIELDNAME>
     <ROLLNAME>KUNAG_NAME</ROLLNAME>
     <ADMINFIELD>0</ADMINFIELD>
     <COMPTYPE>E</COMPTYPE>
    </DD03P>
    <DD03P>
     <FIELDNAME>KUNRG_NAME</FIELDNAME>
     <ROLLNAME>PAYER_NAME</ROLLNAME>
     <ADMINFIELD>0</ADMINFIELD>
     <COMPTYPE>E</COMPTYPE>
    </DD03P>
   </DD03P_TABLE>
  </asx:values>
 </asx:abap>
</abapGit>
