﻿<?xml version="1.0" encoding="utf-8"?>
<abapGit version="v1.0.0" serializer="LCL_OBJECT_ENHO" serializer_version="v1.0.0">
 <asx:abap xmlns:asx="http://www.sap.com/abapxml" version="1.0">
  <asx:values>
   <TOOL>BADI_IMPL</TOOL>
   <SHORTTEXT>[SD] 납품품목 TAB 추가 -- 2023.11.01 by RHOS</SHORTTEXT>
   <SPOT_NAME>LE_SHP_TAB_CUST_ITEM</SPOT_NAME>
   <SOTR>
    <item>
     <HEADER>
      <CONCEPT>A5B3F83BFE8D1EEE9E8DD71F68404B62</CONCEPT>
      <CREA_LAN>3</CREA_LAN>
      <TRALA_TYPE>1</TRALA_TYPE>
      <OBJID_VEC>AAI=</OBJID_VEC>
     </HEADER>
     <ENTRIES>
      <SOTR_TEXT>
       <CONCEPT>A5B3F83BFE8D1EEE9E8DD71F68404B62</CONCEPT>
       <LANGU>3</LANGU>
       <LFD_NUM>0001</LFD_NUM>
       <FLAG_CNTXT>X</FLAG_CNTXT>
       <STATUS>R</STATUS>
       <LENGTH>255</LENGTH>
       <TEXT>[SD] 납품품목 TAB 추가 -- 2023.11.01 by RHOS</TEXT>
      </SOTR_TEXT>
     </ENTRIES>
    </item>
   </SOTR>
   <SOTR_USE>
    <SOTR_USE>
     <PGMID>R3TR</PGMID>
     <OBJECT>ENHO</OBJECT>
     <OBJ_NAME>ZZDELIVERY_ITEM_ADD_TAB</OBJ_NAME>
     <CONCEPT>A5B3F83BFE8D1EEE9E8DD71F68404B62</CONCEPT>
     <LFD_NUM>0001</LFD_NUM>
    </SOTR_USE>
   </SOTR_USE>
  </asx:values>
 </asx:abap>
</abapGit>
