﻿<?xml version="1.0" encoding="utf-8"?>
<abapGit version="v1.0.0" serializer="LCL_OBJECT_ENHO" serializer_version="v1.0.0">
 <asx:abap xmlns:asx="http://www.sap.com/abapxml" version="1.0">
  <asx:values>
   <TOOL>HOOK_IMPL</TOOL>
   <SHORTTEXT>[SD] Billing Check</SHORTTEXT>
   <ORIGINAL_OBJECT>
    <PGMID>R3TR</PGMID>
    <ORG_OBJ_TYPE>ENHO</ORG_OBJ_TYPE>
    <ORG_OBJ_NAME>EI_J1IG_GETSETTRTYP</ORG_OBJ_NAME>
    <ORG_MAIN_TYPE>ENHO</ORG_MAIN_TYPE>
    <ORG_MAIN_NAME>EI_J1IG_GETSETTRTYP</ORG_MAIN_NAME>
    <PROGRAMNAME>EI_J1IG_GETSETTRTYP</PROGRAMNAME>
   </ORIGINAL_OBJECT>
   <ENHANCEMENTS>
    <ENH_HOOK_IMPL>
     <PROGRAMNAME>EI_J1IG_GETSETTRTYP</PROGRAMNAME>
     <ENHMODE>S</ENHMODE>
     <FULL_NAME>\PR:SAPMV60A\EX:FCODE_BEARBEITEN_01\EN:EI_J1IG_GETSETTRTYP\SE:BEGIN\EI</FULL_NAME>
     <PARENT_FULL_NAME>\PR:SAPMV60A\EX:FCODE_BEARBEITEN_01</PARENT_FULL_NAME>
    </ENH_HOOK_IMPL>
   </ENHANCEMENTS>
   <FILES>
    <item>
     <NAME>\PR:SAPMV60A\EX:FCODE_BEARBEITEN_01\EN:EI_J1IG_GETSETTRTYP\SE:BEGIN\EI</NAME>
     <FILE>ff23b1c0</FILE>
    </item>
   </FILES>
   <SOTR>
    <item>
     <HEADER>
      <CONCEPT>2B1F1079E8BC1EEE90DD9CF727BE9124</CONCEPT>
      <CREA_LAN>3</CREA_LAN>
      <TRALA_TYPE>1</TRALA_TYPE>
      <OBJID_VEC>AAI=</OBJID_VEC>
     </HEADER>
     <ENTRIES>
      <SOTR_TEXT>
       <CONCEPT>2B1F1079E8BC1EEE90DD9CF727BE9124</CONCEPT>
       <LANGU>3</LANGU>
       <LFD_NUM>0001</LFD_NUM>
       <FLAG_CNTXT>X</FLAG_CNTXT>
       <STATUS>R</STATUS>
       <LENGTH>255</LENGTH>
       <TEXT>[SD] Billing Check</TEXT>
      </SOTR_TEXT>
     </ENTRIES>
    </item>
   </SOTR>
   <SOTR_USE>
    <SOTR_USE>
     <PGMID>R3TR</PGMID>
     <OBJECT>ENHO</OBJECT>
     <OBJ_NAME>ZZVBRK_BILLING_CHECK</OBJ_NAME>
     <CONCEPT>2B1F1079E8BC1EEE90DD9CF727BE9124</CONCEPT>
     <LFD_NUM>0001</LFD_NUM>
    </SOTR_USE>
   </SOTR_USE>
  </asx:values>
 </asx:abap>
</abapGit>
