﻿<?xml version="1.0" encoding="utf-8"?>
<abapGit version="v1.0.0" serializer="LCL_OBJECT_ENHO" serializer_version="v1.0.0">
 <asx:abap xmlns:asx="http://www.sap.com/abapxml" version="1.0">
  <asx:values>
   <TOOL>HOOK_IMPL</TOOL>
   <SHORTTEXT>[SD] 출고취소일자Set Up -- 2023.11.15 by RHOS</SHORTTEXT>
   <ORIGINAL_OBJECT>
    <PGMID>R3TR</PGMID>
    <ORG_OBJ_TYPE>PROG</ORG_OBJ_TYPE>
    <ORG_OBJ_NAME>RVV50L09</ORG_OBJ_NAME>
    <ORG_MAIN_TYPE>PROG</ORG_MAIN_TYPE>
    <ORG_MAIN_NAME>RVV50L09</ORG_MAIN_NAME>
    <PROGRAMNAME>RVV50L09</PROGRAMNAME>
   </ORIGINAL_OBJECT>
   <SOTR>
    <item>
     <HEADER>
      <CONCEPT>A5B3F83BFE8D1EDEA0E911EEB73CB824</CONCEPT>
      <CREA_LAN>3</CREA_LAN>
      <TRALA_TYPE>1</TRALA_TYPE>
      <OBJID_VEC>AAI=</OBJID_VEC>
     </HEADER>
     <ENTRIES>
      <SOTR_TEXT>
       <CONCEPT>A5B3F83BFE8D1EDEA0E911EEB73CB824</CONCEPT>
       <LANGU>3</LANGU>
       <LFD_NUM>0001</LFD_NUM>
       <FLAG_CNTXT>X</FLAG_CNTXT>
       <STATUS>R</STATUS>
       <LENGTH>255</LENGTH>
       <TEXT>[SD] 출고취소일자Set Up -- 2023.11.15 by RHOS</TEXT>
      </SOTR_TEXT>
     </ENTRIES>
    </item>
   </SOTR>
   <SOTR_USE>
    <SOTR_USE>
     <PGMID>R3TR</PGMID>
     <OBJECT>ENHO</OBJECT>
     <OBJ_NAME>ZZVL09_STDAT</OBJ_NAME>
     <CONCEPT>A5B3F83BFE8D1EDEA0E911EEB73CB824</CONCEPT>
     <LFD_NUM>0001</LFD_NUM>
    </SOTR_USE>
   </SOTR_USE>
  </asx:values>
 </asx:abap>
</abapGit>
